名称,分类,地区,百度百科链接,新官方链接,链接类型,备注
故宫,世界遗产,国内-北京,https://whc.unesco.org/zh/list/439,UNESCO官网,中国世界遗产UNESCO官方页面,
秦始皇陵及兵马俑,世界遗产,国内-陕西,https://whc.unesco.org/zh/list/441,UNESCO官网,中国世界遗产UNESCO官方页面,
天坛,世界遗产,国内-北京,https://whc.unesco.org/zh/list/881,UNESCO官网,中国世界遗产UNESCO官方页面,
承德避暑山庄,世界遗产,国内-河北,https://whc.unesco.org/zh/list/703,UNESCO官网,中国世界遗产UNESCO官方页面,
孔庙、孔林、孔府,世界遗产,国内-山东,https://whc.unesco.org/zh/list/704,UNESCO官网,中国世界遗产UNESCO官方页面,
丽江古城,世界遗产,国内-云南,https://whc.unesco.org/zh/list/811,UNESCO官网,中国世界遗产UNESCO官方页面,
平遥古城,世界遗产,国内-山西,https://whc.unesco.org/zh/list/812,UNESCO官网,中国世界遗产UNESCO官方页面,
布达拉宫,世界遗产,国内-西藏,https://whc.unesco.org/zh/list/707,UNESCO官网,中国世界遗产UNESCO官方页面,
澳门历史城区,世界遗产,国内-澳门,https://whc.unesco.org/zh/list/1110,UNESCO官网,中国世界遗产UNESCO官方页面,
皖南古村落,世界遗产,国内-安徽,https://whc.unesco.org/zh/list,UNESCO官网(总览),国际世界遗产，链接至UNESCO国家列表页，可在页面内搜索具体遗产,
登封天地之中历史建筑群,世界遗产,国内-河南,https://whc.unesco.org/zh/list,UNESCO官网(总览),国际世界遗产，链接至UNESCO国家列表页，可在页面内搜索具体遗产,
杭州西湖文化景观,世界遗产,国内-浙江,https://whc.unesco.org/zh/list/1334,UNESCO官网,中国世界遗产UNESCO官方页面,
元上都遗址,世界遗产,国内-内蒙古,https://whc.unesco.org/zh/list/1389,UNESCO官网,中国世界遗产UNESCO官方页面,
红河哈尼梯田,世界遗产,国内-云南,https://whc.unesco.org/zh/list/1111,UNESCO官网,中国世界遗产UNESCO官方页面,
中国大运河,世界遗产,国内-北京,https://whc.unesco.org/zh/list,UNESCO官网(总览),国际世界遗产，链接至UNESCO国家列表页，可在页面内搜索具体遗产,
丝绸之路,世界遗产,国内-陕西,https://whc.unesco.org/zh/list/1442,UNESCO官网,中国世界遗产UNESCO官方页面,
土司遗址,世界遗产,国内-湖南,https://whc.unesco.org/zh/list/1474,UNESCO官网,中国世界遗产UNESCO官方页面,
鼓浪屿历史国际社区,世界遗产,国内-福建,https://whc.unesco.org/zh/list/1541,UNESCO官网,中国世界遗产UNESCO官方页面,
良渚古城遗址,世界遗产,国内-浙江,https://whc.unesco.org/zh/list/1592,UNESCO官网,中国世界遗产UNESCO官方页面,
泉州宋元海洋商贸中心,世界遗产,国内-福建,https://whc.unesco.org/zh/list/1665,UNESCO官网,中国世界遗产UNESCO官方页面,
四川大熊猫栖息地,世界遗产,国内-四川,https://whc.unesco.org/zh/list/1213,UNESCO官网,中国世界遗产UNESCO官方页面,
中国南方喀斯特,世界遗产,国内-贵州,https://whc.unesco.org/zh/list/1248,UNESCO官网,中国世界遗产UNESCO官方页面,
三清山国家公园,世界遗产,国内-江西,https://whc.unesco.org/zh/list/1292,UNESCO官网,中国世界遗产UNESCO官方页面,
中国丹霞,世界遗产,国内-广东,https://whc.unesco.org/zh/list/1335,UNESCO官网,中国世界遗产UNESCO官方页面,
梵净山,世界遗产,国内-贵州,https://whc.unesco.org/zh/list/1561,UNESCO官网,中国世界遗产UNESCO官方页面,
中国黄海候鸟栖息地,世界遗产,国内-江苏,https://whc.unesco.org/zh/list/1606,UNESCO官网,中国世界遗产UNESCO官方页面,
可可西里,世界遗产,国内-青海,https://whc.unesco.org/zh/list,UNESCO官网(总览),国际世界遗产，链接至UNESCO国家列表页，可在页面内搜索具体遗产,
神农架,世界遗产,国内-湖北,https://whc.unesco.org/zh/list/1540,UNESCO官网,中国世界遗产UNESCO官方页面,
黄龙,世界遗产,国内-四川,https://whc.unesco.org/zh/list/638,UNESCO官网,中国世界遗产UNESCO官方页面,
九寨沟,世界遗产,国内-四川,https://whc.unesco.org/zh/list/637,UNESCO官网,中国世界遗产UNESCO官方页面,
武隆喀斯特,世界遗产,国内-重庆,https://whc.unesco.org/zh/list/640,UNESCO官网,中国世界遗产UNESCO官方页面,
三江并流,世界遗产,国内-云南,https://whc.unesco.org/zh/list/1083,UNESCO官网,中国世界遗产UNESCO官方页面,
丹霞山,世界遗产,国内-广东,https://whc.unesco.org/zh/list,UNESCO官网(总览),国际世界遗产，链接至UNESCO国家列表页，可在页面内搜索具体遗产,
天山,世界遗产,国内-新疆,https://whc.unesco.org/zh/list,UNESCO官网(总览),国际世界遗产，链接至UNESCO国家列表页，可在页面内搜索具体遗产,
峨眉山-乐山大佛,世界遗产,国内-四川,https://whc.unesco.org/zh/list/779,UNESCO官网,中国世界遗产UNESCO官方页面,
青城山-都江堰,世界遗产,国内-四川,https://whc.unesco.org/zh/list/1003,UNESCO官网,中国世界遗产UNESCO官方页面,
庐山,世界遗产,国内-江西,https://whc.unesco.org/zh/list/778,UNESCO官网,中国世界遗产UNESCO官方页面,
罗马斗兽场,世界遗产,国际-意大利,https://whc.unesco.org/zh/statesparties/it,UNESCO官网(意大利),国际世界遗产，链接至UNESCO国家列表页，可在页面内搜索具体遗产,
罗马历史中心,世界遗产,国际-意大利,https://whc.unesco.org/zh/statesparties/it,UNESCO官网(意大利),国际世界遗产，链接至UNESCO国家列表页，可在页面内搜索具体遗产,
威尼斯及泻湖,世界遗产,国际-意大利,https://whc.unesco.org/zh/statesparties/it,UNESCO官网(意大利),国际世界遗产，链接至UNESCO国家列表页，可在页面内搜索具体遗产,
佛罗伦萨历史中心,世界遗产,国际-意大利,https://whc.unesco.org/zh/statesparties/it,UNESCO官网(意大利),国际世界遗产，链接至UNESCO国家列表页，可在页面内搜索具体遗产,
比萨大教堂广场,世界遗产,国际-意大利,https://whc.unesco.org/zh/statesparties/it,UNESCO官网(意大利),国际世界遗产，链接至UNESCO国家列表页，可在页面内搜索具体遗产,
那不勒斯历史中心,世界遗产,国际-意大利,https://whc.unesco.org/zh/statesparties/it,UNESCO官网(意大利),国际世界遗产，链接至UNESCO国家列表页，可在页面内搜索具体遗产,
马泰拉石窟民居,世界遗产,国际-意大利,https://whc.unesco.org/zh/statesparties/it,UNESCO官网(意大利),国际世界遗产，链接至UNESCO国家列表页，可在页面内搜索具体遗产,
维罗纳城市,世界遗产,国际-意大利,https://whc.unesco.org/zh/statesparties/it,UNESCO官网(意大利),国际世界遗产，链接至UNESCO国家列表页，可在页面内搜索具体遗产,
凡尔赛宫及其园林,世界遗产,国际-法国,https://whc.unesco.org/zh/statesparties/fr,UNESCO官网(法国),国际世界遗产，链接至UNESCO国家列表页，可在页面内搜索具体遗产,
塞纳河畔,世界遗产,国际-法国,https://whc.unesco.org/zh/statesparties/fr,UNESCO官网(法国),国际世界遗产，链接至UNESCO国家列表页，可在页面内搜索具体遗产,
加德桥,世界遗产,国际-法国,https://whc.unesco.org/zh/statesparties/fr,UNESCO官网(法国),国际世界遗产，链接至UNESCO国家列表页，可在页面内搜索具体遗产,
圣米歇尔山,世界遗产,国际-法国,https://whc.unesco.org/zh/statesparties/fr,UNESCO官网(法国),国际世界遗产，链接至UNESCO国家列表页，可在页面内搜索具体遗产,
香波堡,世界遗产,国际-法国,https://whc.unesco.org/zh/statesparties/fr,UNESCO官网(法国),国际世界遗产，链接至UNESCO国家列表页，可在页面内搜索具体遗产,
亚眠大教堂,世界遗产,国际-法国,https://whc.unesco.org/zh/statesparties/fr,UNESCO官网(法国),国际世界遗产，链接至UNESCO国家列表页，可在页面内搜索具体遗产,
伦敦塔,世界遗产,国际-英国,https://whc.unesco.org/zh/statesparties/gb,UNESCO官网(英国),国际世界遗产，链接至UNESCO国家列表页，可在页面内搜索具体遗产,
威斯敏斯特宫,世界遗产,国际-英国,https://whc.unesco.org/zh/statesparties/gb,UNESCO官网(英国),国际世界遗产，链接至UNESCO国家列表页，可在页面内搜索具体遗产,
巨石阵,世界遗产,国际-英国,https://whc.unesco.org/zh/statesparties/gb,UNESCO官网(英国),国际世界遗产，链接至UNESCO国家列表页，可在页面内搜索具体遗产,
爱丁堡城堡,世界遗产,国际-英国,https://whc.unesco.org/zh/statesparties/gb,UNESCO官网(英国),国际世界遗产，链接至UNESCO国家列表页，可在页面内搜索具体遗产,
布莱尼姆宫,世界遗产,国际-英国,https://whc.unesco.org/zh/statesparties/gb,UNESCO官网(英国),国际世界遗产，链接至UNESCO国家列表页，可在页面内搜索具体遗产,
温莎城堡,世界遗产,国际-英国,https://whc.unesco.org/zh/statesparties/gb,UNESCO官网(英国),国际世界遗产，链接至UNESCO国家列表页，可在页面内搜索具体遗产,
科隆大教堂,世界遗产,国际-德国,https://whc.unesco.org/zh/statesparties/de,UNESCO官网(德国),国际世界遗产，链接至UNESCO国家列表页，可在页面内搜索具体遗产,
维尔茨堡宫,世界遗产,国际-德国,https://whc.unesco.org/zh/statesparties/de,UNESCO官网(德国),国际世界遗产，链接至UNESCO国家列表页，可在页面内搜索具体遗产,
特里尔古城,世界遗产,国际-德国,https://whc.unesco.org/zh/statesparties/de,UNESCO官网(德国),国际世界遗产，链接至UNESCO国家列表页，可在页面内搜索具体遗产,
波兹坦无忧宫,世界遗产,国际-德国,https://whc.unesco.org/zh/statesparties/de,UNESCO官网(德国),国际世界遗产，链接至UNESCO国家列表页，可在页面内搜索具体遗产,
柏林博物馆岛,世界遗产,国际-德国,https://whc.unesco.org/zh/statesparties/de,UNESCO官网(德国),国际世界遗产，链接至UNESCO国家列表页，可在页面内搜索具体遗产,
阿尔罕布拉宫,世界遗产,国际-西班牙,https://whc.unesco.org/zh/statesparties/es,UNESCO官网(西班牙),国际世界遗产，链接至UNESCO国家列表页，可在页面内搜索具体遗产,
高迪建筑群,世界遗产,国际-西班牙,https://whc.unesco.org/zh/statesparties/es,UNESCO官网(西班牙),国际世界遗产，链接至UNESCO国家列表页，可在页面内搜索具体遗产,
布尔戈斯大教堂,世界遗产,国际-西班牙,https://whc.unesco.org/zh/statesparties/es,UNESCO官网(西班牙),国际世界遗产，链接至UNESCO国家列表页，可在页面内搜索具体遗产,
托莱多古城,世界遗产,国际-西班牙,https://whc.unesco.org/zh/statesparties/es,UNESCO官网(西班牙),国际世界遗产，链接至UNESCO国家列表页，可在页面内搜索具体遗产,
塞维利亚大教堂,世界遗产,国际-西班牙,https://whc.unesco.org/zh/statesparties/es,UNESCO官网(西班牙),国际世界遗产，链接至UNESCO国家列表页，可在页面内搜索具体遗产,
雅典卫城,世界遗产,国际-希腊,https://whc.unesco.org/zh/statesparties/gr,UNESCO官网(希腊),国际世界遗产，链接至UNESCO国家列表页，可在页面内搜索具体遗产,
迈锡尼遗址,世界遗产,国际-希腊,https://whc.unesco.org/zh/statesparties/gr,UNESCO官网(希腊),国际世界遗产，链接至UNESCO国家列表页，可在页面内搜索具体遗产,
德尔斐遗址,世界遗产,国际-希腊,https://whc.unesco.org/zh/statesparties/gr,UNESCO官网(希腊),国际世界遗产，链接至UNESCO国家列表页，可在页面内搜索具体遗产,
奥林匹亚遗址,世界遗产,国际-希腊,https://whc.unesco.org/zh/statesparties/gr,UNESCO官网(希腊),国际世界遗产，链接至UNESCO国家列表页，可在页面内搜索具体遗产,
克里姆林宫,世界遗产,国际-俄罗斯,https://whc.unesco.org/zh/list,UNESCO官网(总览),国际世界遗产，链接至UNESCO国家列表页，可在页面内搜索具体遗产,
红场,世界遗产,国际-俄罗斯,https://whc.unesco.org/zh/list,UNESCO官网(总览),国际世界遗产，链接至UNESCO国家列表页，可在页面内搜索具体遗产,
基日岛乡村教堂,世界遗产,国际-俄罗斯,https://whc.unesco.org/zh/list,UNESCO官网(总览),国际世界遗产，链接至UNESCO国家列表页，可在页面内搜索具体遗产,
伯尔尼古城,世界遗产,国际-瑞士,https://whc.unesco.org/zh/list,UNESCO官网(总览),国际世界遗产，链接至UNESCO国家列表页，可在页面内搜索具体遗产,
萨尔茨堡历史中心,世界遗产,国际-奥地利,https://whc.unesco.org/zh/list,UNESCO官网(总览),国际世界遗产，链接至UNESCO国家列表页，可在页面内搜索具体遗产,
美泉宫,世界遗产,国际-奥地利,https://whc.unesco.org/zh/list,UNESCO官网(总览),国际世界遗产，链接至UNESCO国家列表页，可在页面内搜索具体遗产,
克拉科夫历史中心,世界遗产,国际-波兰,https://whc.unesco.org/zh/list,UNESCO官网(总览),国际世界遗产，链接至UNESCO国家列表页，可在页面内搜索具体遗产,
奥斯维辛集中营,世界遗产,国际-波兰,https://whc.unesco.org/zh/list,UNESCO官网(总览),国际世界遗产，链接至UNESCO国家列表页，可在页面内搜索具体遗产,
辛特拉文化景观,世界遗产,国际-葡萄牙,https://whc.unesco.org/zh/list,UNESCO官网(总览),国际世界遗产，链接至UNESCO国家列表页，可在页面内搜索具体遗产,
波尔图历史中心,世界遗产,国际-葡萄牙,https://whc.unesco.org/zh/list,UNESCO官网(总览),国际世界遗产，链接至UNESCO国家列表页，可在页面内搜索具体遗产,
布鲁塞尔大广场,世界遗产,国际-比利时,https://whc.unesco.org/zh/list,UNESCO官网(总览),国际世界遗产，链接至UNESCO国家列表页，可在页面内搜索具体遗产,
阿姆斯特丹运河带,世界遗产,国际-荷兰,https://whc.unesco.org/zh/list,UNESCO官网(总览),国际世界遗产，链接至UNESCO国家列表页，可在页面内搜索具体遗产,
卡尔斯塔德,世界遗产,国际-丹麦,https://whc.unesco.org/zh/list,UNESCO官网(总览),国际世界遗产，链接至UNESCO国家列表页，可在页面内搜索具体遗产,
芬兰堡,世界遗产,国际-芬兰,https://whc.unesco.org/zh/list,UNESCO官网(总览),国际世界遗产，链接至UNESCO国家列表页，可在页面内搜索具体遗产,
布拉格历史中心,世界遗产,国际-捷克,https://whc.unesco.org/zh/list,UNESCO官网(总览),国际世界遗产，链接至UNESCO国家列表页，可在页面内搜索具体遗产,
克鲁姆洛夫古城,世界遗产,国际-捷克,https://whc.unesco.org/zh/list,UNESCO官网(总览),国际世界遗产，链接至UNESCO国家列表页，可在页面内搜索具体遗产,
布达佩斯多瑙河畔,世界遗产,国际-匈牙利,https://whc.unesco.org/zh/list,UNESCO官网(总览),国际世界遗产，链接至UNESCO国家列表页，可在页面内搜索具体遗产,
杜布罗夫尼克古城,世界遗产,国际-克罗地亚,https://whc.unesco.org/zh/list,UNESCO官网(总览),国际世界遗产，链接至UNESCO国家列表页，可在页面内搜索具体遗产,
斯普利特历史中心,世界遗产,国际-克罗地亚,https://whc.unesco.org/zh/list,UNESCO官网(总览),国际世界遗产，链接至UNESCO国家列表页，可在页面内搜索具体遗产,
卑尔根古城,世界遗产,国际-挪威,https://whc.unesco.org/zh/list,UNESCO官网(总览),国际世界遗产，链接至UNESCO国家列表页，可在页面内搜索具体遗产,
维加兰木构教堂,世界遗产,国际-挪威,https://whc.unesco.org/zh/list,UNESCO官网(总览),国际世界遗产，链接至UNESCO国家列表页，可在页面内搜索具体遗产,
德罗特宁霍尔姆宫,世界遗产,国际-瑞典,https://whc.unesco.org/zh/list,UNESCO官网(总览),国际世界遗产，链接至UNESCO国家列表页，可在页面内搜索具体遗产,
比尔卡,世界遗产,国际-瑞典,https://whc.unesco.org/zh/list,UNESCO官网(总览),国际世界遗产，链接至UNESCO国家列表页，可在页面内搜索具体遗产,
辛格维利尔国家公园,世界遗产,国际-冰岛,https://whc.unesco.org/zh/list,UNESCO官网(总览),国际世界遗产，链接至UNESCO国家列表页，可在页面内搜索具体遗产,
都柏林城堡,世界遗产,国际-爱尔兰,https://whc.unesco.org/zh/list,UNESCO官网(总览),国际世界遗产，链接至UNESCO国家列表页，可在页面内搜索具体遗产,
伊斯坦布尔历史区,世界遗产,国际-土耳其,https://whc.unesco.org/zh/list,UNESCO官网(总览),国际世界遗产，链接至UNESCO国家列表页，可在页面内搜索具体遗产,
卡帕多奇亚,世界遗产,国际-土耳其,https://whc.unesco.org/zh/list,UNESCO官网(总览),国际世界遗产，链接至UNESCO国家列表页，可在页面内搜索具体遗产,
以弗所,世界遗产,国际-土耳其,https://whc.unesco.org/zh/list,UNESCO官网(总览),国际世界遗产，链接至UNESCO国家列表页，可在页面内搜索具体遗产,
拉沃葡萄园,世界遗产,国际-瑞士,https://whc.unesco.org/zh/list,UNESCO官网(总览),国际世界遗产，链接至UNESCO国家列表页，可在页面内搜索具体遗产,
姬路城,世界遗产,国际-日本,https://whc.unesco.org/zh/statesparties/jp,UNESCO官网(日本),国际世界遗产，链接至UNESCO国家列表页，可在页面内搜索具体遗产,
法隆寺,世界遗产,国际-日本,https://whc.unesco.org/zh/statesparties/jp,UNESCO官网(日本),国际世界遗产，链接至UNESCO国家列表页，可在页面内搜索具体遗产,
屋久岛,世界遗产,国际-日本,https://whc.unesco.org/zh/statesparties/jp,UNESCO官网(日本),国际世界遗产，链接至UNESCO国家列表页，可在页面内搜索具体遗产,
白神山地,世界遗产,国际-日本,https://whc.unesco.org/zh/statesparties/jp,UNESCO官网(日本),国际世界遗产，链接至UNESCO国家列表页，可在页面内搜索具体遗产,
严岛神社,世界遗产,国际-日本,https://whc.unesco.org/zh/statesparties/jp,UNESCO官网(日本),国际世界遗产，链接至UNESCO国家列表页，可在页面内搜索具体遗产,
古京都遗址,世界遗产,国际-日本,https://whc.unesco.org/zh/statesparties/jp,UNESCO官网(日本),国际世界遗产，链接至UNESCO国家列表页，可在页面内搜索具体遗产,
奈良古寺,世界遗产,国际-日本,https://whc.unesco.org/zh/statesparties/jp,UNESCO官网(日本),国际世界遗产，链接至UNESCO国家列表页，可在页面内搜索具体遗产,
富士山,世界遗产,国际-日本,https://whc.unesco.org/zh/statesparties/jp,UNESCO官网(日本),国际世界遗产，链接至UNESCO国家列表页，可在页面内搜索具体遗产,
泰姬陵,世界遗产,国际-印度,https://whc.unesco.org/zh/statesparties/in,UNESCO官网(印度),国际世界遗产，链接至UNESCO国家列表页，可在页面内搜索具体遗产,
阿格拉古堡,世界遗产,国际-印度,https://whc.unesco.org/zh/statesparties/in,UNESCO官网(印度),国际世界遗产，链接至UNESCO国家列表页，可在页面内搜索具体遗产,
泰米尔纳德邦神庙,世界遗产,国际-印度,https://whc.unesco.org/zh/statesparties/in,UNESCO官网(印度),国际世界遗产，链接至UNESCO国家列表页，可在页面内搜索具体遗产,
克久拉霍神庙,世界遗产,国际-印度,https://whc.unesco.org/zh/statesparties/in,UNESCO官网(印度),国际世界遗产，链接至UNESCO国家列表页，可在页面内搜索具体遗产,
埃洛拉石窟,世界遗产,国际-印度,https://whc.unesco.org/zh/statesparties/in,UNESCO官网(印度),国际世界遗产，链接至UNESCO国家列表页，可在页面内搜索具体遗产,
阿旃陀石窟,世界遗产,国际-印度,https://whc.unesco.org/zh/statesparties/in,UNESCO官网(印度),国际世界遗产，链接至UNESCO国家列表页，可在页面内搜索具体遗产,
琥珀堡,世界遗产,国际-印度,https://whc.unesco.org/zh/statesparties/in,UNESCO官网(印度),国际世界遗产，链接至UNESCO国家列表页，可在页面内搜索具体遗产,
印度门,世界遗产,国际-印度,https://whc.unesco.org/zh/statesparties/in,UNESCO官网(印度),国际世界遗产，链接至UNESCO国家列表页，可在页面内搜索具体遗产,
吴哥窟,世界遗产,国际-柬埔寨,https://whc.unesco.org/zh/list,UNESCO官网(总览),国际世界遗产，链接至UNESCO国家列表页，可在页面内搜索具体遗产,
吴哥古城,世界遗产,国际-柬埔寨,https://whc.unesco.org/zh/list,UNESCO官网(总览),国际世界遗产，链接至UNESCO国家列表页，可在页面内搜索具体遗产,
蒲甘古城,世界遗产,国际-缅甸,https://whc.unesco.org/zh/list,UNESCO官网(总览),国际世界遗产，链接至UNESCO国家列表页，可在页面内搜索具体遗产,
素可泰古城,世界遗产,国际-泰国,https://whc.unesco.org/zh/list,UNESCO官网(总览),国际世界遗产，链接至UNESCO国家列表页，可在页面内搜索具体遗产,
阿瑜陀耶古城,世界遗产,国际-泰国,https://whc.unesco.org/zh/list,UNESCO官网(总览),国际世界遗产，链接至UNESCO国家列表页，可在页面内搜索具体遗产,
婆罗浮屠,世界遗产,国际-印尼,https://whc.unesco.org/zh/list,UNESCO官网(总览),国际世界遗产，链接至UNESCO国家列表页，可在页面内搜索具体遗产,
普兰巴南神庙,世界遗产,国际-印尼,https://whc.unesco.org/zh/list,UNESCO官网(总览),国际世界遗产，链接至UNESCO国家列表页，可在页面内搜索具体遗产,
科莫多国家公园,世界遗产,国际-印尼,https://whc.unesco.org/zh/list,UNESCO官网(总览),国际世界遗产，链接至UNESCO国家列表页，可在页面内搜索具体遗产,
马六甲古城,世界遗产,国际-马来西亚,https://whc.unesco.org/zh/list,UNESCO官网(总览),国际世界遗产，链接至UNESCO国家列表页，可在页面内搜索具体遗产,
基纳巴卢公园,世界遗产,国际-马来西亚,https://whc.unesco.org/zh/list,UNESCO官网(总览),国际世界遗产，链接至UNESCO国家列表页，可在页面内搜索具体遗产,
科迪勒拉梯田,世界遗产,国际-菲律宾,https://whc.unesco.org/zh/list,UNESCO官网(总览),国际世界遗产，链接至UNESCO国家列表页，可在页面内搜索具体遗产,
维甘古城,世界遗产,国际-菲律宾,https://whc.unesco.org/zh/list,UNESCO官网(总览),国际世界遗产，链接至UNESCO国家列表页，可在页面内搜索具体遗产,
石窟庵,世界遗产,国际-韩国,https://whc.unesco.org/zh/list,UNESCO官网(总览),国际世界遗产，链接至UNESCO国家列表页，可在页面内搜索具体遗产,
佛国寺,世界遗产,国际-韩国,https://whc.unesco.org/zh/list,UNESCO官网(总览),国际世界遗产，链接至UNESCO国家列表页，可在页面内搜索具体遗产,
海印寺,世界遗产,国际-韩国,https://whc.unesco.org/zh/list,UNESCO官网(总览),国际世界遗产，链接至UNESCO国家列表页，可在页面内搜索具体遗产,
宗庙,世界遗产,国际-韩国,https://whc.unesco.org/zh/list,UNESCO官网(总览),国际世界遗产，链接至UNESCO国家列表页，可在页面内搜索具体遗产,
昌德宫,世界遗产,国际-韩国,https://whc.unesco.org/zh/list,UNESCO官网(总览),国际世界遗产，链接至UNESCO国家列表页，可在页面内搜索具体遗产,
韩国历史村落,世界遗产,国际-韩国,https://whc.unesco.org/zh/list,UNESCO官网(总览),国际世界遗产，链接至UNESCO国家列表页，可在页面内搜索具体遗产,
阿卢维哈雷石窟,世界遗产,国际-斯里兰卡,https://whc.unesco.org/zh/list,UNESCO官网(总览),国际世界遗产，链接至UNESCO国家列表页，可在页面内搜索具体遗产,
加勒古城,世界遗产,国际-斯里兰卡,https://whc.unesco.org/zh/list,UNESCO官网(总览),国际世界遗产，链接至UNESCO国家列表页，可在页面内搜索具体遗产,
锡吉里耶古城,世界遗产,国际-斯里兰卡,https://whc.unesco.org/zh/list,UNESCO官网(总览),国际世界遗产，链接至UNESCO国家列表页，可在页面内搜索具体遗产,
加德满都谷地,世界遗产,国际-尼泊尔,https://whc.unesco.org/zh/list,UNESCO官网(总览),国际世界遗产，链接至UNESCO国家列表页，可在页面内搜索具体遗产,
奇特旺国家公园,世界遗产,国际-尼泊尔,https://whc.unesco.org/zh/list,UNESCO官网(总览),国际世界遗产，链接至UNESCO国家列表页，可在页面内搜索具体遗产,
不丹王国,世界遗产,国际-不丹,https://whc.unesco.org/zh/list,UNESCO官网(总览),国际世界遗产，链接至UNESCO国家列表页，可在页面内搜索具体遗产,
摩亨佐-达罗,世界遗产,国际-巴基斯坦,https://whc.unesco.org/zh/list,UNESCO官网(总览),国际世界遗产，链接至UNESCO国家列表页，可在页面内搜索具体遗产,
塔克西拉,世界遗产,国际-巴基斯坦,https://whc.unesco.org/zh/list,UNESCO官网(总览),国际世界遗产，链接至UNESCO国家列表页，可在页面内搜索具体遗产,
拉合尔古城,世界遗产,国际-巴基斯坦,https://whc.unesco.org/zh/list,UNESCO官网(总览),国际世界遗产，链接至UNESCO国家列表页，可在页面内搜索具体遗产,
波斯波利斯,世界遗产,国际-伊朗,https://whc.unesco.org/zh/list,UNESCO官网(总览),国际世界遗产，链接至UNESCO国家列表页，可在页面内搜索具体遗产,
伊玛目广场,世界遗产,国际-伊朗,https://whc.unesco.org/zh/list,UNESCO官网(总览),国际世界遗产，链接至UNESCO国家列表页，可在页面内搜索具体遗产,
波斯花园,世界遗产,国际-伊朗,https://whc.unesco.org/zh/list,UNESCO官网(总览),国际世界遗产，链接至UNESCO国家列表页，可在页面内搜索具体遗产,
佩特拉古城,世界遗产,国际-约旦,https://whc.unesco.org/zh/list,UNESCO官网(总览),国际世界遗产，链接至UNESCO国家列表页，可在页面内搜索具体遗产,
瓦迪拉姆,世界遗产,国际-约旦,https://whc.unesco.org/zh/list,UNESCO官网(总览),国际世界遗产，链接至UNESCO国家列表页，可在页面内搜索具体遗产,
耶路撒冷古城,世界遗产,国际-以色列,https://whc.unesco.org/zh/list,UNESCO官网(总览),国际世界遗产，链接至UNESCO国家列表页，可在页面内搜索具体遗产,
特拉维夫白城,世界遗产,国际-以色列,https://whc.unesco.org/zh/list,UNESCO官网(总览),国际世界遗产，链接至UNESCO国家列表页，可在页面内搜索具体遗产,
巴尔贝克,世界遗产,国际-黎巴嫩,https://whc.unesco.org/zh/list,UNESCO官网(总览),国际世界遗产，链接至UNESCO国家列表页，可在页面内搜索具体遗产,
比布鲁斯,世界遗产,国际-黎巴嫩,https://whc.unesco.org/zh/list,UNESCO官网(总览),国际世界遗产，链接至UNESCO国家列表页，可在页面内搜索具体遗产,
巴赫莱城堡,世界遗产,国际-阿曼,https://whc.unesco.org/zh/list,UNESCO官网(总览),国际世界遗产，链接至UNESCO国家列表页，可在页面内搜索具体遗产,
阿曼苏丹国,世界遗产,国际-阿曼,https://whc.unesco.org/zh/list,UNESCO官网(总览),国际世界遗产，链接至UNESCO国家列表页，可在页面内搜索具体遗产,
自由女神像,世界遗产,国际-美国,https://whc.unesco.org/zh/list,UNESCO官网(总览),国际世界遗产，链接至UNESCO国家列表页，可在页面内搜索具体遗产,
约塞米蒂国家公园,世界遗产,国际-美国,https://whc.unesco.org/zh/list,UNESCO官网(总览),国际世界遗产，链接至UNESCO国家列表页，可在页面内搜索具体遗产,
大峡谷国家公园,世界遗产,国际-美国,https://whc.unesco.org/zh/list,UNESCO官网(总览),国际世界遗产，链接至UNESCO国家列表页，可在页面内搜索具体遗产,
黄石国家公园,世界遗产,国际-美国,https://whc.unesco.org/zh/list,UNESCO官网(总览),国际世界遗产，链接至UNESCO国家列表页，可在页面内搜索具体遗产,
大沼泽地国家公园,世界遗产,国际-美国,https://whc.unesco.org/zh/list,UNESCO官网(总览),国际世界遗产，链接至UNESCO国家列表页，可在页面内搜索具体遗产,
红杉树国家公园,世界遗产,国际-美国,https://whc.unesco.org/zh/list,UNESCO官网(总览),国际世界遗产，链接至UNESCO国家列表页，可在页面内搜索具体遗产,
卡霍亚,世界遗产,国际-美国,https://whc.unesco.org/zh/list,UNESCO官网(总览),国际世界遗产，链接至UNESCO国家列表页，可在页面内搜索具体遗产,
蒙蒂塞洛,世界遗产,国际-美国,https://whc.unesco.org/zh/list,UNESCO官网(总览),国际世界遗产，链接至UNESCO国家列表页，可在页面内搜索具体遗产,
尼亚加拉大瀑布,世界遗产,国际-加拿大,https://whc.unesco.org/zh/list,UNESCO官网(总览),国际世界遗产，链接至UNESCO国家列表页，可在页面内搜索具体遗产,
班夫国家公园,世界遗产,国际-加拿大,https://whc.unesco.org/zh/list,UNESCO官网(总览),国际世界遗产，链接至UNESCO国家列表页，可在页面内搜索具体遗产,
野牛悬崖,世界遗产,国际-加拿大,https://whc.unesco.org/zh/list,UNESCO官网(总览),国际世界遗产，链接至UNESCO国家列表页，可在页面内搜索具体遗产,
奇琴伊察金字塔,世界遗产,国际-墨西哥,https://whc.unesco.org/zh/list,UNESCO官网(总览),国际世界遗产，链接至UNESCO国家列表页，可在页面内搜索具体遗产,
图卢姆古城,世界遗产,国际-墨西哥,https://whc.unesco.org/zh/list,UNESCO官网(总览),国际世界遗产，链接至UNESCO国家列表页，可在页面内搜索具体遗产,
帕伦克古城,世界遗产,国际-墨西哥,https://whc.unesco.org/zh/list,UNESCO官网(总览),国际世界遗产，链接至UNESCO国家列表页，可在页面内搜索具体遗产,
乌斯马尔古城,世界遗产,国际-墨西哥,https://whc.unesco.org/zh/list,UNESCO官网(总览),国际世界遗产，链接至UNESCO国家列表页，可在页面内搜索具体遗产,
墨西哥城历史中心,世界遗产,国际-墨西哥,https://whc.unesco.org/zh/list,UNESCO官网(总览),国际世界遗产，链接至UNESCO国家列表页，可在页面内搜索具体遗产,
索奇米尔科,世界遗产,国际-墨西哥,https://whc.unesco.org/zh/list,UNESCO官网(总览),国际世界遗产，链接至UNESCO国家列表页，可在页面内搜索具体遗产,
马丘比丘,世界遗产,国际-秘鲁,https://whc.unesco.org/zh/list,UNESCO官网(总览),国际世界遗产，链接至UNESCO国家列表页，可在页面内搜索具体遗产,
库斯科古城,世界遗产,国际-秘鲁,https://whc.unesco.org/zh/list,UNESCO官网(总览),国际世界遗产，链接至UNESCO国家列表页，可在页面内搜索具体遗产,
昌昌古城,世界遗产,国际-秘鲁,https://whc.unesco.org/zh/list,UNESCO官网(总览),国际世界遗产，链接至UNESCO国家列表页，可在页面内搜索具体遗产,
利马历史中心,世界遗产,国际-秘鲁,https://whc.unesco.org/zh/list,UNESCO官网(总览),国际世界遗产，链接至UNESCO国家列表页，可在页面内搜索具体遗产,
里约热内卢基督像,世界遗产,国际-巴西,https://whc.unesco.org/zh/list,UNESCO官网(总览),国际世界遗产，链接至UNESCO国家列表页，可在页面内搜索具体遗产,
伊瓜苏国家公园,世界遗产,国际-巴西,https://whc.unesco.org/zh/list,UNESCO官网(总览),国际世界遗产，链接至UNESCO国家列表页，可在页面内搜索具体遗产,
巴西利亚,世界遗产,国际-巴西,https://whc.unesco.org/zh/list,UNESCO官网(总览),国际世界遗产，链接至UNESCO国家列表页，可在页面内搜索具体遗产,
莫雷诺冰川,世界遗产,国际-阿根廷,https://whc.unesco.org/zh/list,UNESCO官网(总览),国际世界遗产，链接至UNESCO国家列表页，可在页面内搜索具体遗产,
复活节岛,世界遗产,国际-智利,https://whc.unesco.org/zh/list,UNESCO官网(总览),国际世界遗产，链接至UNESCO国家列表页，可在页面内搜索具体遗产,
奇洛埃岛,世界遗产,国际-智利,https://whc.unesco.org/zh/list,UNESCO官网(总览),国际世界遗产，链接至UNESCO国家列表页，可在页面内搜索具体遗产,
基多古城,世界遗产,国际-厄瓜多尔,https://whc.unesco.org/zh/list,UNESCO官网(总览),国际世界遗产，链接至UNESCO国家列表页，可在页面内搜索具体遗产,
加拉帕戈斯群岛,世界遗产,国际-厄瓜多尔,https://whc.unesco.org/zh/list,UNESCO官网(总览),国际世界遗产，链接至UNESCO国家列表页，可在页面内搜索具体遗产,
蒂亚瓦纳科,世界遗产,国际-玻利维亚,https://whc.unesco.org/zh/list,UNESCO官网(总览),国际世界遗产，链接至UNESCO国家列表页，可在页面内搜索具体遗产,
波托西城,世界遗产,国际-玻利维亚,https://whc.unesco.org/zh/list,UNESCO官网(总览),国际世界遗产，链接至UNESCO国家列表页，可在页面内搜索具体遗产,
昆曲,非物质文化遗产,国内-江苏,http://www.ihchina.cn/project_details/14701/,中国非物质文化遗产网,国家级非遗官方介绍页,
京剧,非物质文化遗产,国内-北京,http://www.ihchina.cn/project_details/14728/,中国非物质文化遗产网,国家级非遗官方介绍页,
豫剧,非物质文化遗产,国内-河南,http://www.ihchina.cn/project_details/14723/,中国非物质文化遗产网,国家级非遗官方介绍页,
越剧,非物质文化遗产,国内-浙江,http://www.ihchina.cn/project_details/14753/,中国非物质文化遗产网,国家级非遗官方介绍页,
黄梅戏,非物质文化遗产,国内-安徽,http://www.ihchina.cn/project_details/14760/,中国非物质文化遗产网,国家级非遗官方介绍页,
评剧,非物质文化遗产,国内-河北,http://www.ihchina.cn/project_details/14724/,中国非物质文化遗产网,国家级非遗官方介绍页,
河北梆子,非物质文化遗产,国内-河北,http://www.ihchina.cn/project_details/14725/,中国非物质文化遗产网,国家级非遗官方介绍页,
晋剧,非物质文化遗产,国内-山西,http://www.ihchina.cn/project_details/14726/,中国非物质文化遗产网,国家级非遗官方介绍页,
沪剧,非物质文化遗产,国内-上海,http://www.ihchina.cn/project_details/14754/,中国非物质文化遗产网,国家级非遗官方介绍页,
川剧,非物质文化遗产,国内-四川,http://www.ihchina.cn/project_details/14755/,中国非物质文化遗产网,国家级非遗官方介绍页,
粤剧,非物质文化遗产,国内-广东,http://www.ihchina.cn/project_details/14756/,中国非物质文化遗产网,国家级非遗官方介绍页,
藏戏,非物质文化遗产,国内-西藏,http://www.ihchina.cn/project_details/14757/,中国非物质文化遗产网,国家级非遗官方介绍页,
秦腔,非物质文化遗产,国内-陕西,http://www.ihchina.cn/project_details/14727/,中国非物质文化遗产网,国家级非遗官方介绍页,
闽剧,非物质文化遗产,国内-福建,http://www.ihchina.cn/project_details/14758/,中国非物质文化遗产网,国家级非遗官方介绍页,
徽剧,非物质文化遗产,国内-安徽,http://www.ihchina.cn/project_details/14759/,中国非物质文化遗产网,国家级非遗官方介绍页,
湘剧,非物质文化遗产,国内-湖南,http://www.ihchina.cn/project_details/14761/,中国非物质文化遗产网,国家级非遗官方介绍页,
赣剧,非物质文化遗产,国内-江西,http://www.ihchina.cn/project_details/14762/,中国非物质文化遗产网,国家级非遗官方介绍页,
汉剧,非物质文化遗产,国内-湖北,http://www.ihchina.cn/project_details/14763/,中国非物质文化遗产网,国家级非遗官方介绍页,
曲剧,非物质文化遗产,国内-河南,http://www.ihchina.cn/project_details/14764/,中国非物质文化遗产网,国家级非遗官方介绍页,
景泰蓝制作技艺,非物质文化遗产,国内-北京,http://www.ihchina.cn,中国非物质文化遗产网(官网),中国非物质文化遗产官方网站，可搜索具体项目,
景德镇手工制瓷技艺,非物质文化遗产,国内-江西,http://www.ihchina.cn,中国非物质文化遗产网(官网),中国非物质文化遗产官方网站，可搜索具体项目,
龙泉青瓷烧制技艺,非物质文化遗产,国内-浙江,http://www.ihchina.cn,中国非物质文化遗产网(官网),中国非物质文化遗产官方网站，可搜索具体项目,
宜兴紫砂陶制作技艺,非物质文化遗产,国内-江苏,http://www.ihchina.cn,中国非物质文化遗产网(官网),中国非物质文化遗产官方网站，可搜索具体项目,
中国篆刻,非物质文化遗产,国内-浙江,http://www.ihchina.cn,中国非物质文化遗产网(官网),中国非物质文化遗产官方网站，可搜索具体项目,
中国剪纸,非物质文化遗产,国内-陕西,http://www.ihchina.cn,中国非物质文化遗产网(官网),中国非物质文化遗产官方网站，可搜索具体项目,
中国书法,非物质文化遗产,国内-北京,http://www.ihchina.cn,中国非物质文化遗产网(官网),中国非物质文化遗产官方网站，可搜索具体项目,
中国国画,非物质文化遗产,国内-北京,http://www.ihchina.cn,中国非物质文化遗产网(官网),中国非物质文化遗产官方网站，可搜索具体项目,
古琴艺术,非物质文化遗产,国内-江苏,http://www.ihchina.cn,中国非物质文化遗产网(官网),中国非物质文化遗产官方网站，可搜索具体项目,
宣纸制作技艺,非物质文化遗产,国内-安徽,http://www.ihchina.cn,中国非物质文化遗产网(官网),中国非物质文化遗产官方网站，可搜索具体项目,
雕版印刷技艺,非物质文化遗产,国内-江苏,http://www.ihchina.cn,中国非物质文化遗产网(官网),中国非物质文化遗产官方网站，可搜索具体项目,
中国传统桑蚕丝织技艺,非物质文化遗产,国内-浙江,http://www.ihchina.cn,中国非物质文化遗产网(官网),中国非物质文化遗产官方网站，可搜索具体项目,
南京云锦木机妆花手工织造技艺,非物质文化遗产,国内-江苏,http://www.ihchina.cn,中国非物质文化遗产网(官网),中国非物质文化遗产官方网站，可搜索具体项目,
苏绣,非物质文化遗产,国内-江苏,http://www.ihchina.cn,中国非物质文化遗产网(官网),中国非物质文化遗产官方网站，可搜索具体项目,
湘绣,非物质文化遗产,国内-湖南,http://www.ihchina.cn,中国非物质文化遗产网(官网),中国非物质文化遗产官方网站，可搜索具体项目,
蜀绣,非物质文化遗产,国内-四川,http://www.ihchina.cn,中国非物质文化遗产网(官网),中国非物质文化遗产官方网站，可搜索具体项目,
粤绣,非物质文化遗产,国内-广东,http://www.ihchina.cn,中国非物质文化遗产网(官网),中国非物质文化遗产官方网站，可搜索具体项目,
中国木拱桥传统营造技艺,非物质文化遗产,国内-福建,http://www.ihchina.cn,中国非物质文化遗产网(官网),中国非物质文化遗产官方网站，可搜索具体项目,
中国木雕艺术,非物质文化遗产,国内-浙江,http://www.ihchina.cn,中国非物质文化遗产网(官网),中国非物质文化遗产官方网站，可搜索具体项目,
中国石雕艺术,非物质文化遗产,国内-福建,http://www.ihchina.cn,中国非物质文化遗产网(官网),中国非物质文化遗产官方网站，可搜索具体项目,
中国玉雕艺术,非物质文化遗产,国内-北京,http://www.ihchina.cn,中国非物质文化遗产网(官网),中国非物质文化遗产官方网站，可搜索具体项目,
漆器髹饰技艺,非物质文化遗产,国内-四川,http://www.ihchina.cn,中国非物质文化遗产网(官网),中国非物质文化遗产官方网站，可搜索具体项目,
中国针灸,非物质文化遗产,国内-北京,http://www.ihchina.cn,中国非物质文化遗产网(官网),中国非物质文化遗产官方网站，可搜索具体项目,
中医诊疗法,非物质文化遗产,国内-北京,http://www.ihchina.cn,中国非物质文化遗产网(官网),中国非物质文化遗产官方网站，可搜索具体项目,
中药炮制技术,非物质文化遗产,国内-北京,http://www.ihchina.cn,中国非物质文化遗产网(官网),中国非物质文化遗产官方网站，可搜索具体项目,
中医传统制剂方法,非物质文化遗产,国内-北京,http://www.ihchina.cn,中国非物质文化遗产网(官网),中国非物质文化遗产官方网站，可搜索具体项目,
针灸,非物质文化遗产,国内-北京,http://www.ihchina.cn,中国非物质文化遗产网(官网),中国非物质文化遗产官方网站，可搜索具体项目,
拔罐,非物质文化遗产,国内-北京,http://www.ihchina.cn,中国非物质文化遗产网(官网),中国非物质文化遗产官方网站，可搜索具体项目,
端午节,非物质文化遗产,国内-湖北,http://www.ihchina.cn,中国非物质文化遗产网(官网),中国非物质文化遗产官方网站，可搜索具体项目,
中秋节,非物质文化遗产,国内-北京,http://www.ihchina.cn,中国非物质文化遗产网(官网),中国非物质文化遗产官方网站，可搜索具体项目,
春节,非物质文化遗产,国内-北京,http://www.ihchina.cn,中国非物质文化遗产网(官网),中国非物质文化遗产官方网站，可搜索具体项目,
清明节,非物质文化遗产,国内-北京,http://www.ihchina.cn,中国非物质文化遗产网(官网),中国非物质文化遗产官方网站，可搜索具体项目,
元宵节,非物质文化遗产,国内-北京,http://www.ihchina.cn,中国非物质文化遗产网(官网),中国非物质文化遗产官方网站，可搜索具体项目,
二十四节气,非物质文化遗产,国内-北京,http://www.ihchina.cn,中国非物质文化遗产网(官网),中国非物质文化遗产官方网站，可搜索具体项目,
妈祖信俗,非物质文化遗产,国内-福建,http://www.ihchina.cn,中国非物质文化遗产网(官网),中国非物质文化遗产官方网站，可搜索具体项目,
黄帝陵祭典,非物质文化遗产,国内-陕西,http://www.ihchina.cn,中国非物质文化遗产网(官网),中国非物质文化遗产官方网站，可搜索具体项目,
中医针灸,非物质文化遗产,国内-北京,http://www.ihchina.cn,中国非物质文化遗产网(官网),中国非物质文化遗产官方网站，可搜索具体项目,
金字塔,世界遗产,国际-埃及,https://whc.unesco.org/zh/list,UNESCO官网(总览),国际世界遗产，链接至UNESCO国家列表页，可在页面内搜索具体遗产,
卢克索神庙,世界遗产,国际-埃及,https://whc.unesco.org/zh/list,UNESCO官网(总览),国际世界遗产，链接至UNESCO国家列表页，可在页面内搜索具体遗产,
阿布辛贝神庙,世界遗产,国际-埃及,https://whc.unesco.org/zh/list,UNESCO官网(总览),国际世界遗产，链接至UNESCO国家列表页，可在页面内搜索具体遗产,
津巴布韦遗址,世界遗产,国际-津巴布韦,https://whc.unesco.org/zh/list,UNESCO官网(总览),国际世界遗产，链接至UNESCO国家列表页，可在页面内搜索具体遗产,
塞舌尔群岛,世界遗产,国际-塞舌尔,https://whc.unesco.org/zh/list,UNESCO官网(总览),国际世界遗产，链接至UNESCO国家列表页，可在页面内搜索具体遗产,
悉尼歌剧院,世界遗产,国际-澳大利亚,https://whc.unesco.org/zh/list,UNESCO官网(总览),国际世界遗产，链接至UNESCO国家列表页，可在页面内搜索具体遗产,
大堡礁,世界遗产,国际-澳大利亚,https://whc.unesco.org/zh/list,UNESCO官网(总览),国际世界遗产，链接至UNESCO国家列表页，可在页面内搜索具体遗产,
卡卡杜国家公园,世界遗产,国际-澳大利亚,https://whc.unesco.org/zh/list,UNESCO官网(总览),国际世界遗产，链接至UNESCO国家列表页，可在页面内搜索具体遗产,
昆士兰湿热带地区,世界遗产,国际-澳大利亚,https://whc.unesco.org/zh/list,UNESCO官网(总览),国际世界遗产，链接至UNESCO国家列表页，可在页面内搜索具体遗产,
塔斯马尼亚荒原,世界遗产,国际-澳大利亚,https://whc.unesco.org/zh/list,UNESCO官网(总览),国际世界遗产，链接至UNESCO国家列表页，可在页面内搜索具体遗产,
新西兰峡湾国家公园,世界遗产,国际-新西兰,https://whc.unesco.org/zh/list,UNESCO官网(总览),国际世界遗产，链接至UNESCO国家列表页，可在页面内搜索具体遗产,
汤加里罗国家公园,世界遗产,国际-新西兰,https://whc.unesco.org/zh/list,UNESCO官网(总览),国际世界遗产，链接至UNESCO国家列表页，可在页面内搜索具体遗产,
复活节岛石像,世界遗产,国际-智利,https://whc.unesco.org/zh/list,UNESCO官网(总览),国际世界遗产，链接至UNESCO国家列表页，可在页面内搜索具体遗产,
