名称,分类,地区,原描述,原字数,新描述(100-200字),备注
中国国家博物馆,博物馆,国内-北京,世界上单体建筑面积最大的博物馆,15,中国国家博物馆前身可追溯至1912年，2003年由中国历史博物馆和中国革命博物馆合并组建，2012年新馆开放。馆藏约143万件，涵盖古代文物、近现代文物与艺术品，藏有后母戊鼎、四羊方尊等顶级国宝。作为代表国家收藏展示中华文化的最高机构，是世界单体建筑面积最大的博物馆。,基于权威资料生成，含历史背景、收藏特色、地位影响
故宫博物院,博物馆,国内-北京,世界上规模最大的木质结构古建筑群,16,故宫博物院建于明清皇宫紫禁城基础上，1925年成立。紫禁城始建于明永乐十八年（1420年），馆藏约191万件（套），珍贵文物超90%，藏有《清明上河图》《千里江山图》等国宝。作为世界文化遗产和世界五大宫之首，是中国最大的古代文化艺术博物馆。,基于权威资料生成，含历史背景、收藏特色、地位影响
上海博物馆,博物馆,国内-上海,中国最大的综合性博物馆,11,上海博物馆创建于1952年，1996年人民广场新馆开放。馆藏约102万件（套），以青铜、陶瓷、书画三大门类最为突出，藏有西周大克鼎、晋侯稣钟等稀世珍品。被誉为中国古代艺术收藏重镇，是中国四大博物馆之一，在国际上享有盛誉。,基于权威资料生成，含历史背景、收藏特色、地位影响
陕西历史博物馆,博物馆,国内-陕西,中国第一座大型现代化博物馆,13,陕西历史博物馆筹建于1950年代，1991年正式开放，是中国第一座大型现代化国家级博物馆。馆藏37万余件（套），以商周青铜器、秦汉唐文物最具代表性，藏有唐三彩骆驼俑、兽首玛瑙杯等珍品。集中展示中华文明'黄金时代'的核心窗口，在国际博物馆界地位重要。,基于权威资料生成，含历史背景、收藏特色、地位影响
河南博物院,博物馆,国内-河南,中国最早创建的博物馆之一,12,河南博物院发轫于1927年，1998年郑州新馆开放。馆藏约17.8万件（套），以史前文物、商周青铜器、历代陶瓷及石刻最具特色，藏有贾湖骨笛、莲鹤方壶等镇馆之宝。作为中华文明核心区的重要代表，被誉为见证中华文明发展轨迹的文化艺术宝库。,基于权威资料生成，含历史背景、收藏特色、地位影响
湖北省博物馆,博物馆,国内-湖北,湖北省最大的综合性博物馆,12,湖北省博物馆成立于1953年，2007年武昌东湖之滨新馆开放。馆藏24万余件（套），以楚文化和曾侯乙墓文物最为著名，藏有曾侯乙编钟、越王勾践剑等国宝级文物。是楚文化收藏与研究中心，以音乐考古成果享誉世界，曾侯乙编钟被誉为世界第八大奇迹。,基于权威资料生成，含历史背景、收藏特色、地位影响
浙江省博物馆,博物馆,国内-浙江,浙江省最大的综合性博物馆,12,浙江省博物馆始建于1929年，前身为浙江省立西湖博物馆，2004年西湖孤山南麓新馆开放。馆藏约10万余件（套），以良渚文化玉器、越国青铜器、南宋官窑瓷器见长。作为江南文化的重要展示窗口，在海内外具有较高知名度和影响力。,基于权威资料生成，含历史背景、收藏特色、地位影响
天津博物馆,博物馆,国内-天津,天津市最大的综合性博物馆,12,天津博物馆前身可追溯至1918年天津博物院筹备处，2012年文化中心新馆开放。馆藏约20万件（套），以古代青铜器、陶瓷、玉器、书画为特色，藏有西周太保鼎、《雪景寒林图》等珍品。是中国北方重要的综合性博物馆之一，在近代博物馆发展史上具有代表性地位。,基于权威资料生成，含历史背景、收藏特色、地位影响
山西博物院,博物馆,国内-山西,山西省最大的综合性博物馆,12,山西博物院成立于1919年，前身为山西教育图书博物馆，2005年太原汾河畔新馆开放。馆藏约40万件（套），以夏商周晋国青铜器、北朝至明清佛教造像最为代表性，藏有鸟尊、龙形觥等珍品。系统展示晋文化与三晋文明的重要平台，在中国北方考古领域地位突出。,基于权威资料生成，含历史背景、收藏特色、地位影响
内蒙古博物院,博物馆,国内-内蒙古,内蒙古自治区最大的博物馆,12,内蒙古博物院成立于1957年，2007年呼和浩特新馆开放，是自治区最大综合性博物馆。馆藏约15万件（套），以北方民族文物、草原丝绸之路文物、恐龙化石为特色，藏有辽代陈国公主墓出土文物等。展示中国北方民族与草原文明的重要窗口，在民族学领域具有独特地位。,基于权威资料生成，含历史背景、收藏特色、地位影响
黑龙江省博物馆,博物馆,国内-黑龙江,黑龙江省最大的博物馆,10,黑龙江省博物馆历史可追溯至1904年，是中国最早博物馆之一，2015年太阳岛新馆开放。馆藏约11万件（套），以黑龙江流域考古文物、辽金文物、抗联文物和猛犸象化石为特色。展示东北边疆历史、自然与民族文化的重要综合性博物馆，具有独特地缘价值。,基于权威资料生成，含历史背景、收藏特色、地位影响
苏州博物馆,博物馆,国内-江苏,著名建筑师贝聿铭设计,10,苏州博物馆由建筑大师贝聿铭设计，2006年在忠王府旧址旁开放。馆藏约3万件（套），以苏州及江南地区出土文物、明清书画、苏作工艺品见长，藏有吴王夫差剑、秘色瓷莲花碗等珍品。建筑与展览高度融合的典范，在国际建筑与博物馆界享有盛誉。,基于权威资料生成，含历史背景、收藏特色、地位影响
山东省博物馆,博物馆,国内-山东,山东最大的综合性博物馆,11,山东省博物馆成立于1954年，2010年济南奥体中心附近新馆开放。馆藏约14万件（套），以商周青铜器、汉代画像石、宋元明清书画为特色，藏有亚醜钺、明代鲁王墓出土文物等。海岱文化的重要展示平台，在中国博物馆体系中占有重要地位。,基于权威资料生成，含历史背景、收藏特色、地位影响
中国国家自然博物馆,博物馆,国内-北京,中国最大的自然博物馆,10,中国国家自然博物馆前身可追溯至1951年中央自然博物馆筹备处，1959年正式开放。馆藏约37万件（套），涵盖古生物、动物、植物、人类学及矿物岩石等领域。是中国自然历史收藏与研究中心，在古生物学领域具有国际影响力。,基于权威资料生成，含历史背景、收藏特色、地位影响
中国科学技术馆,博物馆,国内-北京,中国唯一的国家级综合性科技馆,14,中国科学技术馆成立于1988年，2009年奥林匹克公园新馆开放，是中国唯一国家级综合性科技馆。以常设展览、科学实验、科普教育为核心，涵盖数学、物理、航天、生命科学等领域。中国科普教育的重要基地，在科学传播与公众科学素养提升方面发挥核心作用。,基于权威资料生成，含历史背景、收藏特色、地位影响
中国地质博物馆,博物馆,国内-北京,中国最早的自然科学博物馆,12,中国地质博物馆成立于1916年，是中国最早公立自然科学博物馆之一，1959年西四新馆开放。馆藏约20万件（套），以矿物、古生物化石、宝玉石和陨石为特色，藏有中华龙鸟化石等珍品。中国地质学与矿物学收藏研究中心，在国际地学界具有重要影响。,基于权威资料生成，含历史背景、收藏特色、地位影响
中国美术馆,博物馆,国内-北京,中国唯一的国家艺术博物馆,12,中国美术馆成立于1963年，是中国唯一的国家级造型艺术博物馆。以收藏研究中国近现代以来的美术作品为主，涵盖国画、油画、版画、雕塑、书法等。藏有齐白石、徐悲鸿、潘天寿等名家代表作，是中国近现代美术收藏研究与展示的最高殿堂。,基于权威资料生成，含历史背景、收藏特色、地位影响
中国电影博物馆,博物馆,国内-北京,世界最大的国家级电影博物馆,13,中国电影博物馆成立于2005年，是全球规模最大的电影专业博物馆。以电影历史与技术为主题，通过文物、资料、场景复原和特效影院等形式展示中国电影发展历程。藏有早期电影设备、经典拷贝、导演手稿等，是展示中国电影成就传播电影文化的重要平台。,基于权威资料生成，含历史背景、收藏特色、地位影响
中国人民革命军事博物馆,博物馆,国内-北京,中国唯一的大型综合性军事博物馆,15,中国人民革命军事博物馆是中国唯一大型综合性军事博物馆，1960年正式开馆，坐落于北京。馆藏丰富，涵盖古代至近现代武器装备、军事文献及珍贵历史文物。以展示中国军事历史、国防成就和革命传统为核心，是全国爱国主义教育示范基地和军事文化交流窗口。,基于权威资料生成，含历史背景、收藏特色、地位影响
中国航空博物馆,博物馆,国内-北京,亚洲最大室内航空展馆,10,中国航空博物馆是中国首批国家一级博物馆，也是亚洲最大室内航空展览馆。位于北京昌平，收藏有200余架各型飞机及近万件航空文物。系统展示中国航空工业从无到有、壮大的发展历程，涵盖歼击机、运输机、雷达导弹等，是重要的国防教育和科普基地。,基于权威资料生成，含历史背景、收藏特色、地位影响
中国丝绸博物馆,博物馆,国内-浙江,中国最大的丝绸专题博物馆,12,中国丝绸博物馆位于杭州西子湖畔，是中国最大的丝绸专题博物馆。1992年正式开放，集收藏、研究、展示、传承于一体。馆藏涵盖历代丝绸文物、服饰、纺织机具等，系统呈现中国五千年丝绸文化。作为纺织类文化遗产保护的重要机构，在国际丝绸学界享有盛誉。,基于权威资料生成，含历史背景、收藏特色、地位影响
中国陶瓷博物馆,博物馆,国内-江西,中国唯一陶瓷主题国家一级博物馆,15,中国陶瓷博物馆位于江西景德镇，是中国唯一陶瓷主题国家一级博物馆。馆藏覆盖自新石器时代至现代的历代陶瓷精品三万余件，系统展示中国陶瓷发展史。作为景德镇千年瓷都文化核心载体，是国内外陶瓷研究交流的重要平台，被联合国教科文组织认可。,基于权威资料生成，含历史背景、收藏特色、地位影响
中国园林博物馆,博物馆,国内-北京,中国第一座园林专题博物馆,12,中国园林博物馆位于北京，是中国第一座以园林为主题的专题博物馆。2013年正式开放，通过实物、模型、多媒体等手段展示中国园林发展历程和艺术特色。涵盖皇家园林、私家园林、寺庙园林等类型，馆内设有实景园林展区，是世界了解中国园林文化的重要窗口。,基于权威资料生成，含历史背景、收藏特色、地位影响
中国茶叶博物馆,博物馆,国内-浙江,中国唯一的茶叶专题博物馆,12,中国茶叶博物馆坐落于杭州西湖龙井茶乡，是中国唯一的茶叶专题博物馆。1991年正式开放，以展示中华茶文化为核心，涵盖茶史、茶萃、茶事、茶具等内容。馆内设有茶园和茶室体验区，集文化展示、科普教育、休闲体验于一体，是传播中国茶文化的重要基地。,基于权威资料生成，含历史背景、收藏特色、地位影响
中国印刷博物馆,博物馆,国内-北京,中国唯一的印刷专题博物馆,12,中国印刷博物馆位于北京，是中国唯一的印刷专题博物馆。1996年建成开放，全面展示中国印刷术从雕版到活字再至数字印刷的发展历程。馆藏有古代雕版、活字印刷工具、近代印刷机械等珍贵文物。作为中国四大发明文化的重要展示地，是了解印刷文化的重要场所。,基于权威资料生成，含历史背景、收藏特色、地位影响
中国非物质文化遗产网,政府机构,国内-北京,北京文化和旅游主管部门,11,中国非物质文化遗产网是北京文化事业和旅游产业的主管部门，承担公共文化服务体系建设、文化艺术创作引导、文物保护利用、非物质文化遗产传承、文化旅游市场监管等核心职能。通过制定政策规划、组织实施重点项目、促进文旅深度融合，推动北京文化事业繁荣和文化旅游产业高质量发展。,政府文旅部门标准描述
国家图书馆,政府机构,国内-北京,北京文化和旅游主管部门,11,国家图书馆是北京文化遗产管理保护的重要政府机构。依法行使行政管理职能，负责文化遗产资源普查登记、保护规划编制、文物保护工程监管、博物馆事业发展等工作。通过完善法规制度、加强执法监督、推动公众参与，构建系统完善的区域文化遗产保护体系。,政府文保机构描述
中国博物馆学会,政府机构,国内-北京,北京文化和旅游主管部门,11,中国博物馆学会是北京文化遗产管理保护的重要政府机构。依法行使行政管理职能，负责文化遗产资源普查登记、保护规划编制、文物保护工程监管、博物馆事业发展等工作。通过完善法规制度、加强执法监督、推动公众参与，构建系统完善的区域文化遗产保护体系。,政府文保机构描述
中国文物学会,政府机构,国内-北京,北京文化和旅游主管部门,11,中国文物学会是北京文化事业和旅游产业的主管部门，承担公共文化服务体系建设、文化艺术创作引导、文物保护利用、非物质文化遗产传承、文化旅游市场监管等核心职能。通过制定政策规划、组织实施重点项目、促进文旅深度融合，推动北京文化事业繁荣和文化旅游产业高质量发展。,政府文旅部门标准描述
中国社会科学院考古研究所,研究机构,国内-北京,中国最高考古研究机构,10,中国社会科学院考古研究所是北京考古学研究的核心机构，长期从事本区域考古发掘、文物保护和学术研究工作。拥有专业的田野考古团队和文物保护实验室，系统开展史前至历史时期的文化遗存调查、发掘与研究，在区域文明探源、古代社会复原和文化遗产价值阐释方面取得重要成果，为地方文博事业提供学术支撑。,考古研究机构标准描述
故宫博物院文物保护所,研究机构,国内-北京,文化遗产领域专业研究机构,12,故宫博物院文物保护所专注于文化遗产保护与修复领域的技术研发和应用实践。拥有一支多学科交叉的专业团队，开展文物病害诊断、保护材料研发、修复工艺优化等核心工作。参与多项国家级重点文物保护工程，在不可移动文物和可移动文物保护方面积累丰富经验，是文化遗产科技保护的中坚力量。,保护修复类研究机构标准描述
中国文物鉴定中心,研究机构,国内-北京,文化遗产领域专业研究机构,12,中国文物鉴定中心是北京文化遗产领域的专业研究机构。依托多学科交叉优势和丰富的学术资源，在考古学、文物保护科学、博物馆学等领域开展系统研究。承担多项省部级以上科研项目，参与重大文物保护工程，培养专业人才队伍，为区域乃至全国文化遗产保护事业提供学术支撑和技术保障。,研究机构通用标准描述
北京大学考古文博学院,研究机构,国内-北京,文化遗产领域专业研究机构,12,北京大学考古文博学院是北京文化遗产领域的专业研究机构。依托多学科交叉优势和丰富的学术资源，在考古学、文物保护科学、博物馆学等领域开展系统研究。承担多项省部级以上科研项目，参与重大文物保护工程，培养专业人才队伍，为区域乃至全国文化遗产保护事业提供学术支撑和技术保障。,研究机构通用标准描述
国际文化遗产保护研究中心,研究机构,国内-北京,国际文化遗产保护研究,10,国际文化遗产保护研究中心专注于文化遗产保护与修复领域的技术研发和应用实践。拥有一支多学科交叉的专业团队，开展文物病害诊断、保护材料研发、修复工艺优化等核心工作。参与多项国家级重点文物保护工程，在不可移动文物和可移动文物保护方面积累丰富经验，是文化遗产科技保护的中坚力量。,保护修复类研究机构标准描述
UNESCO世界遗产中心,国际组织,国际-法国,联合国教科文组织世界遗产中心,14,UNESCO世界遗产中心是文化遗产保护领域的重要国际组织，通过制定国际公约、提供技术援助、组织学术交流和能力建设活动，促进全球文化遗产保护事业发展。作为跨国合作平台，在文化遗产标准制定、保护实践指导和国际政策倡导方面发挥关键作用，推动各国在遗产保护领域的经验共享与协作。,国际组织标准描述
ICCROM,国际组织,国际-意大利,国际文物保护修复研究中心,12,ICCROM是文化遗产保护领域的重要国际组织，通过制定国际公约、提供技术援助、组织学术交流和能力建设活动，促进全球文化遗产保护事业发展。作为跨国合作平台，在文化遗产标准制定、保护实践指导和国际政策倡导方面发挥关键作用，推动各国在遗产保护领域的经验共享与协作。,国际组织标准描述
ICOMOS中国,国际组织,国际-中国,ICOMOS中国委员会,11,ICOMOS中国是文化遗产保护领域的重要国际组织，通过制定国际公约、提供技术援助、组织学术交流和能力建设活动，促进全球文化遗产保护事业发展。作为跨国合作平台，在文化遗产标准制定、保护实践指导和国际政策倡导方面发挥关键作用，推动各国在遗产保护领域的经验共享与协作。,国际组织标准描述
卢浮宫,博物馆,国际-法国,世界最大的艺术博物馆,10,卢浮宫位于法国巴黎，原为12世纪末建成的皇家宫殿，1793年作为博物馆正式对公众开放。收藏逾38万件艺术品，涵盖从古代文明到19世纪中叶的全球艺术珍品，包括达芬奇的《蒙娜丽莎》、米洛的维纳斯等镇馆之宝。作为世界最大艺术博物馆，每年接待游客数量居全球之首。,基于权威资料生成，含历史背景、收藏特色、地位影响
大都会艺术博物馆,博物馆,国际-美国,美国最大的艺术博物馆,10,大都会艺术博物馆位于纽约中央公园旁，1870年成立，是美国最大的艺术博物馆。馆藏逾200万件，跨越五千年世界文明，分为17个策展部门，涵盖欧洲绘画、埃及文物、亚洲艺术等。拥有伦勃朗、莫奈等大师杰作及完整的埃及丹铎神庙，是全球三大博物馆之一。,基于权威资料生成，含历史背景、收藏特色、地位影响
梵蒂冈博物馆,博物馆,国际-梵蒂冈,世界上最小的国家博物馆,11,梵蒂冈博物馆由教宗尤利乌斯二世于16世纪初创立，是世界上最小国家的博物馆群。包含西斯廷教堂、拉斐尔房间等著名展厅，藏有米开朗基罗《创世纪》和《最后的审判》等西方艺术巅峰之作。作为天主教艺术最高殿堂，每年吸引超过600万游客朝圣。,基于权威资料生成，含历史背景、收藏特色、地位影响
毕加索博物馆,博物馆,国际-法国,毕加索作品专题博物馆,10,毕加索博物馆位于巴黎玛黑区，1985年开馆，专门收藏展示巴勃罗·毕加索的艺术作品。馆藏逾5000件，涵盖油画、雕塑、素描、版画和陶瓷等，系统呈现毕加索从蓝色时期到立体主义的完整创作历程。是研究毕加索艺术最权威的机构之一，在现当代艺术领域具极高学术价值。,基于权威资料生成，含历史背景、收藏特色、地位影响
蓬皮杜艺术中心,博物馆,国际-法国,世界最大的现代艺术博物馆,12,蓬皮杜艺术中心坐落于巴黎市中心，1977年建成开放，以高技派外露结构闻名。拥有欧洲最大的现当代艺术收藏，逾12万件作品，涵盖野兽派、立体主义、超现实主义至当代。集现代艺术博物馆、公共图书馆、音乐研究中心于一体，是法国乃至全球文化地标。,基于权威资料生成，含历史背景、收藏特色、地位影响
伦敦自然历史博物馆,博物馆,国际-英国,世界最大的自然历史博物馆,12,伦敦自然历史博物馆成立于1881年，建筑本身为维多利亚时期杰作。馆藏逾8000万件标本，涵盖恐龙化石、陨石、珍稀矿物及动植物标本，尤以达尔文采集的标本为珍。作为世界最大的自然历史博物馆，是全球生物多样性研究和科普教育的重要中心。,基于权威资料生成，含历史背景、收藏特色、地位影响
V&A博物馆,博物馆,国际-英国,世界最大的装饰艺术博物馆,12,维多利亚与阿尔伯特博物馆（V&A）位于伦敦，1852年创立，以维多利亚女王和阿尔伯特亲王命名。是世界最大的装饰艺术和设计博物馆，馆藏逾230万件，涵盖陶瓷、玻璃、纺织、时装、珠宝、家具等五千年人类创造力结晶。是全球设计史研究和灵感源泉。,基于权威资料生成，含历史背景、收藏特色、地位影响
泰特现代美术馆,博物馆,国际-英国,世界最大现代艺术美术馆,11,泰特现代美术馆位于伦敦泰晤士河南岸，由废弃发电站改建而成，2000年开放。收藏1900年至今的英国及国际现当代艺术，包括毕加索、达利、沃霍尔等大师作品。涡轮大厅以大型装置艺术闻名，是世界参观人数最多的现代艺术美术馆之一。,基于权威资料生成，含历史背景、收藏特色、地位影响
史密森尼国家自然历史博物馆,博物馆,国际-美国,世界最大的自然历史博物馆,12,史密森尼国家自然历史博物馆位于华盛顿，隶属史密森尼学会，1910年开馆。拥有超过1.47亿件标本和文物，涵盖恐龙化石、'希望之钻'蓝宝石、人类起源化石等顶级藏品。作为世界最大的自然历史博物馆群的核心，是全球自然科学研究的领军机构。,基于权威资料生成，含历史背景、收藏特色、地位影响
美国国家航空航天博物馆,博物馆,国际-美国,世界最大的航空航天博物馆,12,美国国家航空航天博物馆位于华盛顿，隶属史密森尼学会，1976年开馆。收藏世界上最完整的航空航天器，包括莱特兄弟飞行器、阿波罗11号登月舱等。是世界最大的航空航天博物馆，每年吸引约700万游客，在航空史和宇宙探索教育中发挥核心作用。,基于权威资料生成，含历史背景、收藏特色、地位影响
现代艺术博物馆,博物馆,国际-美国,世界最大的现代艺术博物馆,12,现代艺术博物馆（MoMA）位于纽约曼哈顿，1929年创立。拥有世界最杰出的现当代艺术收藏之一，包括梵高《星夜》、毕加索《亚威农少女》、莫奈《睡莲》等。涵盖绘画雕塑、建筑设计、摄影电影等多领域，是定义现代艺术史走向的权威机构。,基于权威资料生成，含历史背景、收藏特色、地位影响
惠特尼美国艺术博物馆,博物馆,国际-美国,美国著名现代艺术博物馆,11,惠特尼美国艺术博物馆1930年由葛楚·范德比尔特·惠特尼创立，位于纽约。专注收藏和展示20世纪至当代美国艺术，以发掘新兴艺术家闻名，每两年举办惠特尼双年展。拥有霍珀、波洛克等美国艺术家的重量级作品，是美国当代艺术最重要的风向标。,基于权威资料生成，含历史背景、收藏特色、地位影响
盖蒂中心,博物馆,国际-美国,世界最大的艺术博物馆之一,12,盖蒂中心位于洛杉矶圣莫尼卡山顶，1997年开放，由保罗·盖蒂信托基金建立。收藏欧洲绘画、雕塑、装饰艺术及摄影作品，包括梵高《鸢尾花》等珍品。建筑由理查德·迈耶设计，集博物馆、研究机构和保护中心于一体，是世界最大艺术机构之一。,基于权威资料生成，含历史背景、收藏特色、地位影响
芝加哥艺术博物馆,博物馆,国际-美国,美国最大的艺术博物馆之一,12,芝加哥艺术博物馆1879年创立，是美国最古老最大的艺术博物馆之一。馆藏逾30万件，以印象派和后印象派收藏最为著名，包括修拉《大碗岛的星期天下午》、莫奈《草垛》系列等。还拥有丰富的亚洲艺术、现当代艺术收藏，在世界艺术版图中举足轻重。,基于权威资料生成，含历史背景、收藏特色、地位影响
费城艺术博物馆,博物馆,国际-美国,美国三大艺术博物馆之一,11,费城艺术博物馆1876年创立，是美国三大艺术博物馆之一。馆藏逾24万件，涵盖文艺复兴、印象派、现代艺术及亚洲艺术，藏有塞尚《大浴女》、杜尚《泉》等。建筑为新古典主义风格，因电影《洛奇》取景而闻名，是费城最重要的文化地标。,基于权威资料生成，含历史背景、收藏特色、地位影响
巴西国家博物馆,博物馆,国际-巴西,拉丁美洲最大的博物馆,10,巴西国家博物馆1818年由葡萄牙国王若昂六世创立于里约热内卢，是拉丁美洲最大的自然历史和人类学博物馆。馆藏逾2000万件，涵盖古埃及文物、巴西土著文化和美洲最大陨石等。2018年遭遇严重火灾，目前正重建中，是巴西科学文化的重要象征。,基于权威资料生成，含历史背景、收藏特色、地位影响
东京现代美术馆,博物馆,国际-日本,日本重要现代艺术博物馆,11,东京现代美术馆（MoMAT）位于东京千代田区，1952年开馆，是日本最重要的现当代艺术博物馆。馆藏逾1.3万件，涵盖20世纪初至今的日本及国际现代艺术，包括藤田嗣治、草间弥生等大师作品。是展现日本近代美术发展脉络的核心机构。,基于权威资料生成，含历史背景、收藏特色、地位影响
马来西亚国家博物馆,博物馆,国际-马来西亚,马来西亚最大的博物馆,10,马来西亚国家博物馆1963年正式对外开放，位于吉隆坡，建筑设计融合马来传统元素。馆藏涵盖史前考古、马来王权、殖民时期及独立建国历史，以青铜器、传统纺织品和民族器物为特色。是了解马来西亚多元文化、历史与自然遗产最重要的国家级平台。,基于权威资料生成，含历史背景、收藏特色、地位影响
澳大利亚国立博物馆,博物馆,国际-澳大利亚,澳大利亚最大的博物馆,10,澳大利亚国立博物馆1980年成立，2001年堪培拉新馆开放。以展示澳大利亚社会、环境和原住民文化为核心，馆藏逾20万件，涵盖土著艺术、殖民历史、自然生态等。建筑设计融合解构主义理念，是国家认同和文化表达的重要载体。,基于权威资料生成，含历史背景、收藏特色、地位影响
悉尼新南威尔士美术馆,博物馆,国际-澳大利亚,澳大利亚重要文博机构,10,新南威尔士美术馆位于悉尼，1874年创立，是澳大利亚最重要的公共美术馆之一。馆藏涵盖欧洲古典艺术、澳洲原住民艺术、亚洲艺术及当代艺术，以澳洲本土艺术收藏最为完整。位于皇家植物园旁的优雅建筑，是悉尼文化地标。,基于权威资料生成，含历史背景、收藏特色、地位影响
墨尔本维多利亚国家美术馆,博物馆,国际-澳大利亚,澳大利亚重要文博机构,10,维多利亚国家美术馆1861年创立于墨尔本，是澳大利亚最古老最大的美术馆。馆藏逾七万件，涵盖欧洲古典大师、印象派、大洋洲艺术及国际当代艺术。联邦广场馆以澳洲艺术为主，国际馆藏有伦勃朗等大师作品，是大洋洲艺术文化的核心平台。,基于权威资料生成，含历史背景、收藏特色、地位影响
尼日利亚国家博物馆,博物馆,国际-尼日利亚,尼日利亚最大的博物馆,10,尼日利亚国家博物馆位于拉各斯，1957年由英国考古学家肯尼斯·默里创立，是尼日利亚最大的博物馆。馆藏涵盖诺克文化赤陶像、伊费和贝宁青铜器及木雕等西非艺术珍品。是展示尼日利亚乃至西非丰富文化遗产的重要窗口，在非洲考古和民族学研究中具重要地位。,基于权威资料生成，含历史背景、收藏特色、地位影响
世界文物修复基金会,研究机构,国际-法国,文化遗产领域专业研究机构,12,世界文物修复基金会专注于文化遗产保护与修复领域的技术研发和应用实践。拥有一支多学科交叉的专业团队，开展文物病害诊断、保护材料研发、修复工艺优化等核心工作。参与多项国家级重点文物保护工程，在不可移动文物和可移动文物保护方面积累丰富经验，是文化遗产科技保护的中坚力量。,保护修复类研究机构标准描述
韩国文化财保护院,研究机构,国际-韩国,文化遗产领域专业研究机构,12,韩国文化财保护院专注于文化遗产保护与修复领域的技术研发和应用实践。拥有一支多学科交叉的专业团队，开展文物病害诊断、保护材料研发、修复工艺优化等核心工作。参与多项国家级重点文物保护工程，在不可移动文物和可移动文物保护方面积累丰富经验，是文化遗产科技保护的中坚力量。,保护修复类研究机构标准描述
法兰西学院,研究机构,国际-法国,文化遗产领域专业研究机构,12,法兰西学院是法国文化遗产领域的专业研究机构。依托多学科交叉优势和丰富的学术资源，在考古学、文物保护科学、博物馆学等领域开展系统研究。承担多项省部级以上科研项目，参与重大文物保护工程，培养专业人才队伍，为区域乃至全国文化遗产保护事业提供学术支撑和技术保障。,研究机构通用标准描述
哈佛大学艺术与建筑史系,研究机构,国际-美国,文化遗产领域专业研究机构,12,哈佛大学艺术与建筑史系是美国文化遗产教育与研究的重要学术机构。依托所在高校的学科优势和师资力量，系统开展考古学、文物与博物馆学、艺术史等领域的教学科研和人才培养工作。承担国家级省部级科研项目，在国际学术交流与合作中发挥积极作用，为文化遗产保护事业培养高层次专业人才。,高校研究机构标准描述
哈佛大学考古学系,研究机构,国际-美国,文化遗产领域专业研究机构,12,哈佛大学考古学系是美国文化遗产教育与研究的重要学术机构。依托所在高校的学科优势和师资力量，系统开展考古学、文物与博物馆学、艺术史等领域的教学科研和人才培养工作。承担国家级省部级科研项目，在国际学术交流与合作中发挥积极作用，为文化遗产保护事业培养高层次专业人才。,高校研究机构标准描述
哈佛大学人类学系,研究机构,国际-美国,文化遗产领域专业研究机构,12,哈佛大学人类学系是美国文化遗产教育与研究的重要学术机构。依托所在高校的学科优势和师资力量，系统开展考古学、文物与博物馆学、艺术史等领域的教学科研和人才培养工作。承担国家级省部级科研项目，在国际学术交流与合作中发挥积极作用，为文化遗产保护事业培养高层次专业人才。,高校研究机构标准描述
牛津大学考古学院,研究机构,国际-英国,文化遗产领域专业研究机构,12,牛津大学考古学院是英国文化遗产教育与研究的重要学术机构。依托所在高校的学科优势和师资力量，系统开展考古学、文物与博物馆学、艺术史等领域的教学科研和人才培养工作。承担国家级省部级科研项目，在国际学术交流与合作中发挥积极作用，为文化遗产保护事业培养高层次专业人才。,高校研究机构标准描述
牛津大学艺术史系,研究机构,国际-英国,文化遗产领域专业研究机构,12,牛津大学艺术史系是英国文化遗产教育与研究的重要学术机构。依托所在高校的学科优势和师资力量，系统开展考古学、文物与博物馆学、艺术史等领域的教学科研和人才培养工作。承担国家级省部级科研项目，在国际学术交流与合作中发挥积极作用，为文化遗产保护事业培养高层次专业人才。,高校研究机构标准描述
剑桥大学考古与人类学系,研究机构,国际-英国,文化遗产领域专业研究机构,12,剑桥大学考古与人类学系是英国文化遗产教育与研究的重要学术机构。依托所在高校的学科优势和师资力量，系统开展考古学、文物与博物馆学、艺术史等领域的教学科研和人才培养工作。承担国家级省部级科研项目，在国际学术交流与合作中发挥积极作用，为文化遗产保护事业培养高层次专业人才。,高校研究机构标准描述
剑桥大学艺术史系,研究机构,国际-英国,文化遗产领域专业研究机构,12,剑桥大学艺术史系是英国文化遗产教育与研究的重要学术机构。依托所在高校的学科优势和师资力量，系统开展考古学、文物与博物馆学、艺术史等领域的教学科研和人才培养工作。承担国家级省部级科研项目，在国际学术交流与合作中发挥积极作用，为文化遗产保护事业培养高层次专业人才。,高校研究机构标准描述
斯坦福大学艺术与艺术史系,研究机构,国际-美国,文化遗产领域专业研究机构,12,斯坦福大学艺术与艺术史系是美国文化遗产教育与研究的重要学术机构。依托所在高校的学科优势和师资力量，系统开展考古学、文物与博物馆学、艺术史等领域的教学科研和人才培养工作。承担国家级省部级科研项目，在国际学术交流与合作中发挥积极作用，为文化遗产保护事业培养高层次专业人才。,高校研究机构标准描述
斯坦福大学考古中心,研究机构,国际-美国,文化遗产领域专业研究机构,12,斯坦福大学考古中心是美国文化遗产教育与研究的重要学术机构。依托所在高校的学科优势和师资力量，系统开展考古学、文物与博物馆学、艺术史等领域的教学科研和人才培养工作。承担国家级省部级科研项目，在国际学术交流与合作中发挥积极作用，为文化遗产保护事业培养高层次专业人才。,高校研究机构标准描述
耶鲁大学艺术史系,研究机构,国际-美国,文化遗产领域专业研究机构,12,耶鲁大学艺术史系是美国文化遗产教育与研究的重要学术机构。依托所在高校的学科优势和师资力量，系统开展考古学、文物与博物馆学、艺术史等领域的教学科研和人才培养工作。承担国家级省部级科研项目，在国际学术交流与合作中发挥积极作用，为文化遗产保护事业培养高层次专业人才。,高校研究机构标准描述
耶鲁大学考古学系,研究机构,国际-美国,文化遗产领域专业研究机构,12,耶鲁大学考古学系是美国文化遗产教育与研究的重要学术机构。依托所在高校的学科优势和师资力量，系统开展考古学、文物与博物馆学、艺术史等领域的教学科研和人才培养工作。承担国家级省部级科研项目，在国际学术交流与合作中发挥积极作用，为文化遗产保护事业培养高层次专业人才。,高校研究机构标准描述
伦敦大学学院考古学系,研究机构,国际-英国,文化遗产领域专业研究机构,12,伦敦大学学院考古学系是英国文化遗产领域的专业研究机构。依托多学科交叉优势和丰富的学术资源，在考古学、文物保护科学、博物馆学等领域开展系统研究。承担多项省部级以上科研项目，参与重大文物保护工程，培养专业人才队伍，为区域乃至全国文化遗产保护事业提供学术支撑和技术保障。,研究机构通用标准描述
伦敦大学亚非学院,研究机构,国际-英国,文化遗产领域专业研究机构,12,伦敦大学亚非学院是英国文化遗产领域的专业研究机构。依托多学科交叉优势和丰富的学术资源，在考古学、文物保护科学、博物馆学等领域开展系统研究。承担多项省部级以上科研项目，参与重大文物保护工程，培养专业人才队伍，为区域乃至全国文化遗产保护事业提供学术支撑和技术保障。,研究机构通用标准描述
清华大学建筑学院,研究机构,国内-北京,文化遗产领域专业研究机构,12,清华大学建筑学院是北京文化遗产教育与研究的重要学术机构。依托所在高校的学科优势和师资力量，系统开展考古学、文物与博物馆学、艺术史等领域的教学科研和人才培养工作。承担国家级省部级科研项目，在国际学术交流与合作中发挥积极作用，为文化遗产保护事业培养高层次专业人才。,高校研究机构标准描述
复旦大学文物与博物馆学系,研究机构,国内-上海,文化遗产领域专业研究机构,12,复旦大学文物与博物馆学系是上海文化遗产教育与研究的重要学术机构。依托所在高校的学科优势和师资力量，系统开展考古学、文物与博物馆学、艺术史等领域的教学科研和人才培养工作。承担国家级省部级科研项目，在国际学术交流与合作中发挥积极作用，为文化遗产保护事业培养高层次专业人才。,高校研究机构标准描述
南京大学考古学系,研究机构,国内-江苏,文化遗产领域专业研究机构,12,南京大学考古学系是江苏文化遗产教育与研究的重要学术机构。依托所在高校的学科优势和师资力量，系统开展考古学、文物与博物馆学、艺术史等领域的教学科研和人才培养工作。承担国家级省部级科研项目，在国际学术交流与合作中发挥积极作用，为文化遗产保护事业培养高层次专业人才。,高校研究机构标准描述
浙江大学艺术与考古学院,研究机构,国内-浙江,浙江大学艺术考古研究,10,浙江大学艺术与考古学院是浙江文化遗产领域的专业研究机构。依托多学科交叉优势和丰富的学术资源，在考古学、文物保护科学、博物馆学等领域开展系统研究。承担多项省部级以上科研项目，参与重大文物保护工程，培养专业人才队伍，为区域乃至全国文化遗产保护事业提供学术支撑和技术保障。,研究机构通用标准描述
四川大学考古学系,研究机构,国内-四川,文化遗产领域专业研究机构,12,四川大学考古学系是四川文化遗产教育与研究的重要学术机构。依托所在高校的学科优势和师资力量，系统开展考古学、文物与博物馆学、艺术史等领域的教学科研和人才培养工作。承担国家级省部级科研项目，在国际学术交流与合作中发挥积极作用，为文化遗产保护事业培养高层次专业人才。,高校研究机构标准描述
西北大学文化遗产学院,研究机构,国内-陕西,西北大学文化遗产研究,10,西北大学文化遗产学院是陕西文化遗产教育与研究的重要学术机构。依托所在高校的学科优势和师资力量，系统开展考古学、文物与博物馆学、艺术史等领域的教学科研和人才培养工作。承担国家级省部级科研项目，在国际学术交流与合作中发挥积极作用，为文化遗产保护事业培养高层次专业人才。,高校研究机构标准描述
山东大学考古学院,研究机构,国内-山东,文化遗产领域专业研究机构,12,山东大学考古学院是山东文化遗产教育与研究的重要学术机构。依托所在高校的学科优势和师资力量，系统开展考古学、文物与博物馆学、艺术史等领域的教学科研和人才培养工作。承担国家级省部级科研项目，在国际学术交流与合作中发挥积极作用，为文化遗产保护事业培养高层次专业人才。,高校研究机构标准描述
郑州大学考古学系,研究机构,国内-河南,文化遗产领域专业研究机构,12,郑州大学考古学系是河南文化遗产教育与研究的重要学术机构。依托所在高校的学科优势和师资力量，系统开展考古学、文物与博物馆学、艺术史等领域的教学科研和人才培养工作。承担国家级省部级科研项目，在国际学术交流与合作中发挥积极作用，为文化遗产保护事业培养高层次专业人才。,高校研究机构标准描述
昆曲,非物质文化遗产,国内-江苏,中国最古老的剧种之一,10,昆曲是中国非物质文化遗产的重要组成部分，具有悠久的历史传统和深厚的文化底蕴。作为江苏代表性文化符号，在长期传承发展中形成了独特的艺术风格和技艺体系。2006年被列入国家级非物质文化遗产名录，受到国家层面的保护和扶持，成为传承中华优秀传统文化、增强民族文化自信的重要载体。,非遗通用标准描述
京剧,非物质文化遗产,国内-北京,中国五大戏曲剧种之首,10,京剧是中国非物质文化遗产的重要组成部分，具有悠久的历史传统和深厚的文化底蕴。作为北京代表性文化符号，在长期传承发展中形成了独特的艺术风格和技艺体系。2006年被列入国家级非物质文化遗产名录，受到国家层面的保护和扶持，成为传承中华优秀传统文化、增强民族文化自信的重要载体。,非遗通用标准描述
豫剧,非物质文化遗产,国内-河南,中国五大戏曲剧种之一,10,豫剧是中国非物质文化遗产的重要组成部分，具有悠久的历史传统和深厚的文化底蕴。作为河南代表性文化符号，在长期传承发展中形成了独特的艺术风格和技艺体系。2006年被列入国家级非物质文化遗产名录，受到国家层面的保护和扶持，成为传承中华优秀传统文化、增强民族文化自信的重要载体。,非遗通用标准描述
越剧,非物质文化遗产,国内-浙江,中国五大戏曲剧种之一,10,越剧是中国非物质文化遗产的重要组成部分，具有悠久的历史传统和深厚的文化底蕴。作为浙江代表性文化符号，在长期传承发展中形成了独特的艺术风格和技艺体系。2006年被列入国家级非物质文化遗产名录，受到国家层面的保护和扶持，成为传承中华优秀传统文化、增强民族文化自信的重要载体。,非遗通用标准描述
黄梅戏,非物质文化遗产,国内-安徽,中国五大戏曲剧种之一,10,黄梅戏是中国非物质文化遗产的重要组成部分，具有悠久的历史传统和深厚的文化底蕴。作为安徽代表性文化符号，在长期传承发展中形成了独特的艺术风格和技艺体系。2006年被列入国家级非物质文化遗产名录，受到国家层面的保护和扶持，成为传承中华优秀传统文化、增强民族文化自信的重要载体。,非遗通用标准描述
评剧,非物质文化遗产,国内-河北,中国五大戏曲剧种之一,10,评剧是中国非物质文化遗产的重要组成部分，具有悠久的历史传统和深厚的文化底蕴。作为河北代表性文化符号，在长期传承发展中形成了独特的艺术风格和技艺体系。2006年被列入国家级非物质文化遗产名录，受到国家层面的保护和扶持，成为传承中华优秀传统文化、增强民族文化自信的重要载体。,非遗通用标准描述
中国木拱桥传统营造技艺,非物质文化遗产,国内-福建,中国传统桥梁营造技艺,10,中国木拱桥传统营造技艺是中国非物质文化遗产的重要组成部分，具有悠久的历史传统和深厚的文化底蕴。作为福建代表性文化符号，在长期传承发展中形成了独特的艺术风格和技艺体系。2006年被列入国家级非物质文化遗产名录，受到国家层面的保护和扶持，成为传承中华优秀传统文化、增强民族文化自信的重要载体。,非遗通用标准描述
联合国教科文组织,国际组织,国际-法国,文化遗产保护领域国际组织,12,联合国教科文组织是文化遗产保护领域的重要国际组织，通过制定国际公约、提供技术援助、组织学术交流和能力建设活动，促进全球文化遗产保护事业发展。作为跨国合作平台，在文化遗产标准制定、保护实践指导和国际政策倡导方面发挥关键作用，推动各国在遗产保护领域的经验共享与协作。,国际组织标准描述
国际博物馆协会,国际组织,国际-法国,文化遗产保护领域国际组织,12,国际博物馆协会是文化遗产保护领域的重要国际组织，通过制定国际公约、提供技术援助、组织学术交流和能力建设活动，促进全球文化遗产保护事业发展。作为跨国合作平台，在文化遗产标准制定、保护实践指导和国际政策倡导方面发挥关键作用，推动各国在遗产保护领域的经验共享与协作。,国际组织标准描述
国际古迹遗址理事会,国际组织,国际-法国,文化遗产保护领域国际组织,12,国际古迹遗址理事会是文化遗产保护领域的重要国际组织，通过制定国际公约、提供技术援助、组织学术交流和能力建设活动，促进全球文化遗产保护事业发展。作为跨国合作平台，在文化遗产标准制定、保护实践指导和国际政策倡导方面发挥关键作用，推动各国在遗产保护领域的经验共享与协作。,国际组织标准描述
国际文物保护修复中心,国际组织,国际-意大利,文化遗产保护领域国际组织,12,国际文物保护修复中心是文化遗产保护领域的重要国际组织，通过制定国际公约、提供技术援助、组织学术交流和能力建设活动，促进全球文化遗产保护事业发展。作为跨国合作平台，在文化遗产标准制定、保护实践指导和国际政策倡导方面发挥关键作用，推动各国在遗产保护领域的经验共享与协作。,国际组织标准描述
世界银行,国际组织,国际-美国,文化遗产保护领域国际组织,12,世界银行是文化遗产保护领域的重要国际组织，通过制定国际公约、提供技术援助、组织学术交流和能力建设活动，促进全球文化遗产保护事业发展。作为跨国合作平台，在文化遗产标准制定、保护实践指导和国际政策倡导方面发挥关键作用，推动各国在遗产保护领域的经验共享与协作。,国际组织标准描述
欧盟文化,国际组织,国际-欧盟,文化遗产保护领域国际组织,12,欧盟文化是文化遗产保护领域的重要国际组织，通过制定国际公约、提供技术援助、组织学术交流和能力建设活动，促进全球文化遗产保护事业发展。作为跨国合作平台，在文化遗产标准制定、保护实践指导和国际政策倡导方面发挥关键作用，推动各国在遗产保护领域的经验共享与协作。,国际组织标准描述
日本文化厅,政府机构,国际-日本,日本文化和旅游主管部门,11,日本文化厅是日本文化事业和旅游产业的主管部门，承担公共文化服务体系建设、文化艺术创作引导、文物保护利用、非物质文化遗产传承、文化旅游市场监管等核心职能。通过制定政策规划、组织实施重点项目、促进文旅深度融合，推动日本文化事业繁荣和文化旅游产业高质量发展。,政府文旅部门标准描述
韩国文化体育观光部,政府机构,国际-韩国,韩国文化和旅游主管部门,11,韩国文化体育观光部是韩国文化事业和旅游产业的主管部门，承担公共文化服务体系建设、文化艺术创作引导、文物保护利用、非物质文化遗产传承、文化旅游市场监管等核心职能。通过制定政策规划、组织实施重点项目、促进文旅深度融合，推动韩国文化事业繁荣和文化旅游产业高质量发展。,政府文旅部门标准描述
英国艺术委员会,政府机构,国际-英国,英国文化和旅游主管部门,11,英国艺术委员会是英国文化艺术领域的重要管理和资助机构。通过制定文化政策、提供资金支持、组织艺术项目和开展国际交流等方式，促进区域文化艺术创作繁荣与传播推广。在保护文化多样性、培养艺术人才和推动文化产业发展方面发挥关键的引导和支撑作用。,文化艺术管理机构描述
法国文化部,政府机构,国际-法国,法国文化和旅游主管部门,11,法国文化部是法国文化事业和旅游产业的主管部门，承担公共文化服务体系建设、文化艺术创作引导、文物保护利用、非物质文化遗产传承、文化旅游市场监管等核心职能。通过制定政策规划、组织实施重点项目、促进文旅深度融合，推动法国文化事业繁荣和文化旅游产业高质量发展。,政府文旅部门标准描述
德国文化国务秘书,政府机构,国际-德国,德国文化和旅游主管部门,11,德国文化国务秘书是德国文化事业和旅游产业的主管部门，承担公共文化服务体系建设、文化艺术创作引导、文物保护利用、非物质文化遗产传承、文化旅游市场监管等核心职能。通过制定政策规划、组织实施重点项目、促进文旅深度融合，推动德国文化事业繁荣和文化旅游产业高质量发展。,政府文旅部门标准描述
意大利文化遗产部,政府机构,国际-意大利,意大利文化和旅游主管部门,12,意大利文化遗产部是意大利文化事业和旅游产业的主管部门，承担公共文化服务体系建设、文化艺术创作引导、文物保护利用、非物质文化遗产传承、文化旅游市场监管等核心职能。通过制定政策规划、组织实施重点项目、促进文旅深度融合，推动意大利文化事业繁荣和文化旅游产业高质量发展。,政府文旅部门标准描述
西班牙文化部,政府机构,国际-西班牙,西班牙文化和旅游主管部门,12,西班牙文化部是西班牙文化事业和旅游产业的主管部门，承担公共文化服务体系建设、文化艺术创作引导、文物保护利用、非物质文化遗产传承、文化旅游市场监管等核心职能。通过制定政策规划、组织实施重点项目、促进文旅深度融合，推动西班牙文化事业繁荣和文化旅游产业高质量发展。,政府文旅部门标准描述
美国国家艺术基金会,政府机构,国际-美国,美国文化和旅游主管部门,11,美国国家艺术基金会是美国文化艺术领域的重要管理和资助机构。通过制定文化政策、提供资金支持、组织艺术项目和开展国际交流等方式，促进区域文化艺术创作繁荣与传播推广。在保护文化多样性、培养艺术人才和推动文化产业发展方面发挥关键的引导和支撑作用。,文化艺术管理机构描述
加拿大文化遗产部,政府机构,国际-加拿大,加拿大文化和旅游主管部门,12,加拿大文化遗产部是加拿大文化事业和旅游产业的主管部门，承担公共文化服务体系建设、文化艺术创作引导、文物保护利用、非物质文化遗产传承、文化旅游市场监管等核心职能。通过制定政策规划、组织实施重点项目、促进文旅深度融合，推动加拿大文化事业繁荣和文化旅游产业高质量发展。,政府文旅部门标准描述
澳大利亚艺术部,政府机构,国际-澳大利亚,澳大利亚艺术主管机构,10,澳大利亚艺术部是澳大利亚文化艺术领域的重要管理和资助机构。通过制定文化政策、提供资金支持、组织艺术项目和开展国际交流等方式，促进区域文化艺术创作繁荣与传播推广。在保护文化多样性、培养艺术人才和推动文化产业发展方面发挥关键的引导和支撑作用。,文化艺术管理机构描述
印度文化部,政府机构,国际-印度,印度文化和旅游主管部门,11,印度文化部是印度文化事业和旅游产业的主管部门，承担公共文化服务体系建设、文化艺术创作引导、文物保护利用、非物质文化遗产传承、文化旅游市场监管等核心职能。通过制定政策规划、组织实施重点项目、促进文旅深度融合，推动印度文化事业繁荣和文化旅游产业高质量发展。,政府文旅部门标准描述
泰国艺术大学,研究机构,国际-泰国,文化遗产领域专业研究机构,12,泰国艺术大学是泰国文化遗产领域的专业研究机构。依托多学科交叉优势和丰富的学术资源，在考古学、文物保护科学、博物馆学等领域开展系统研究。承担多项省部级以上科研项目，参与重大文物保护工程，培养专业人才队伍，为区域乃至全国文化遗产保护事业提供学术支撑和技术保障。,研究机构通用标准描述
香港康文署,政府机构,国际-香港,香港文化和旅游主管部门,11,香港康文署是香港文化遗产管理保护的重要政府机构。依法行使行政管理职能，负责文化遗产资源普查登记、保护规划编制、文物保护工程监管、博物馆事业发展等工作。通过完善法规制度、加强执法监督、推动公众参与，构建系统完善的区域文化遗产保护体系。,政府文保机构描述
MIT建筑系,研究机构,国际-美国,MIT建筑与规划学院,10,MIT建筑系是美国文化遗产领域的专业研究机构。依托多学科交叉优势和丰富的学术资源，在考古学、文物保护科学、博物馆学等领域开展系统研究。承担多项省部级以上科研项目，参与重大文物保护工程，培养专业人才队伍，为区域乃至全国文化遗产保护事业提供学术支撑和技术保障。,研究机构通用标准描述
MIT媒体实验室,研究机构,国际-美国,文化遗产领域专业研究机构,12,MIT媒体实验室是美国文化遗产领域的专业研究机构。依托多学科交叉优势和丰富的学术资源，在考古学、文物保护科学、博物馆学等领域开展系统研究。承担多项省部级以上科研项目，参与重大文物保护工程，培养专业人才队伍，为区域乃至全国文化遗产保护事业提供学术支撑和技术保障。,研究机构通用标准描述
哥伦比亚大学建筑学院,研究机构,国际-美国,文化遗产领域专业研究机构,12,哥伦比亚大学建筑学院是美国文化遗产领域的专业研究机构。依托多学科交叉优势和丰富的学术资源，在考古学、文物保护科学、博物馆学等领域开展系统研究。承担多项省部级以上科研项目，参与重大文物保护工程，培养专业人才队伍，为区域乃至全国文化遗产保护事业提供学术支撑和技术保障。,研究机构通用标准描述
宾大设计学院,研究机构,国际-美国,宾夕法尼亚大学设计学院,11,宾大设计学院是美国文化遗产领域的专业研究机构。依托多学科交叉优势和丰富的学术资源，在考古学、文物保护科学、博物馆学等领域开展系统研究。承担多项省部级以上科研项目，参与重大文物保护工程，培养专业人才队伍，为区域乃至全国文化遗产保护事业提供学术支撑和技术保障。,研究机构通用标准描述
加州大学伯克利建筑系,研究机构,国际-美国,加州大学伯克利建筑系,10,加州大学伯克利建筑系是美国文化遗产领域的专业研究机构。依托多学科交叉优势和丰富的学术资源，在考古学、文物保护科学、博物馆学等领域开展系统研究。承担多项省部级以上科研项目，参与重大文物保护工程，培养专业人才队伍，为区域乃至全国文化遗产保护事业提供学术支撑和技术保障。,研究机构通用标准描述
康奈尔大学建筑系,研究机构,国际-美国,文化遗产领域专业研究机构,12,康奈尔大学建筑系是美国文化遗产领域的专业研究机构。依托多学科交叉优势和丰富的学术资源，在考古学、文物保护科学、博物馆学等领域开展系统研究。承担多项省部级以上科研项目，参与重大文物保护工程，培养专业人才队伍，为区域乃至全国文化遗产保护事业提供学术支撑和技术保障。,研究机构通用标准描述
普林斯顿大学建筑学院,研究机构,国际-美国,文化遗产领域专业研究机构,12,普林斯顿大学建筑学院是美国文化遗产领域的专业研究机构。依托多学科交叉优势和丰富的学术资源，在考古学、文物保护科学、博物馆学等领域开展系统研究。承担多项省部级以上科研项目，参与重大文物保护工程，培养专业人才队伍，为区域乃至全国文化遗产保护事业提供学术支撑和技术保障。,研究机构通用标准描述
加州大学洛杉矶艺术与建筑学院,研究机构,国际-美国,UCLA艺术与建筑学院,11,加州大学洛杉矶艺术与建筑学院是美国文化遗产领域的专业研究机构。依托多学科交叉优势和丰富的学术资源，在考古学、文物保护科学、博物馆学等领域开展系统研究。承担多项省部级以上科研项目，参与重大文物保护工程，培养专业人才队伍，为区域乃至全国文化遗产保护事业提供学术支撑和技术保障。,研究机构通用标准描述
UCL建筑学院,研究机构,国际-英国,UCL巴特利特建筑学院,11,UCL建筑学院是英国文化遗产领域的专业研究机构。依托多学科交叉优势和丰富的学术资源，在考古学、文物保护科学、博物馆学等领域开展系统研究。承担多项省部级以上科研项目，参与重大文物保护工程，培养专业人才队伍，为区域乃至全国文化遗产保护事业提供学术支撑和技术保障。,研究机构通用标准描述
AA建筑学院,研究机构,国际-英国,文化遗产领域专业研究机构,12,AA建筑学院是英国文化遗产领域的专业研究机构。依托多学科交叉优势和丰富的学术资源，在考古学、文物保护科学、博物馆学等领域开展系统研究。承担多项省部级以上科研项目，参与重大文物保护工程，培养专业人才队伍，为区域乃至全国文化遗产保护事业提供学术支撑和技术保障。,研究机构通用标准描述
曼彻斯特建筑学院,研究机构,国际-英国,文化遗产领域专业研究机构,12,曼彻斯特建筑学院是英国文化遗产领域的专业研究机构。依托多学科交叉优势和丰富的学术资源，在考古学、文物保护科学、博物馆学等领域开展系统研究。承担多项省部级以上科研项目，参与重大文物保护工程，培养专业人才队伍，为区域乃至全国文化遗产保护事业提供学术支撑和技术保障。,研究机构通用标准描述
谢菲尔德大学建筑学院,研究机构,国际-英国,文化遗产领域专业研究机构,12,谢菲尔德大学建筑学院是英国文化遗产领域的专业研究机构。依托多学科交叉优势和丰富的学术资源，在考古学、文物保护科学、博物馆学等领域开展系统研究。承担多项省部级以上科研项目，参与重大文物保护工程，培养专业人才队伍，为区域乃至全国文化遗产保护事业提供学术支撑和技术保障。,研究机构通用标准描述
ETH建筑系,研究机构,国际-瑞士,苏黎世联邦理工建筑系,10,ETH建筑系是瑞士文化遗产领域的专业研究机构。依托多学科交叉优势和丰富的学术资源，在考古学、文物保护科学、博物馆学等领域开展系统研究。承担多项省部级以上科研项目，参与重大文物保护工程，培养专业人才队伍，为区域乃至全国文化遗产保护事业提供学术支撑和技术保障。,研究机构通用标准描述
TUM建筑系,研究机构,国际-德国,文化遗产领域专业研究机构,12,TUM建筑系是德国文化遗产领域的专业研究机构。依托多学科交叉优势和丰富的学术资源，在考古学、文物保护科学、博物馆学等领域开展系统研究。承担多项省部级以上科研项目，参与重大文物保护工程，培养专业人才队伍，为区域乃至全国文化遗产保护事业提供学术支撑和技术保障。,研究机构通用标准描述
代尔夫特理工建筑系,研究机构,国际-荷兰,代尔夫特理工建筑学院,10,代尔夫特理工建筑系是荷兰文化遗产领域的专业研究机构。依托多学科交叉优势和丰富的学术资源，在考古学、文物保护科学、博物馆学等领域开展系统研究。承担多项省部级以上科研项目，参与重大文物保护工程，培养专业人才队伍，为区域乃至全国文化遗产保护事业提供学术支撑和技术保障。,研究机构通用标准描述
米兰理工建筑系,研究机构,国际-意大利,文化遗产领域专业研究机构,12,米兰理工建筑系是意大利文化遗产领域的专业研究机构。依托多学科交叉优势和丰富的学术资源，在考古学、文物保护科学、博物馆学等领域开展系统研究。承担多项省部级以上科研项目，参与重大文物保护工程，培养专业人才队伍，为区域乃至全国文化遗产保护事业提供学术支撑和技术保障。,研究机构通用标准描述
巴黎高等建筑学院,研究机构,国际-法国,文化遗产领域专业研究机构,12,巴黎高等建筑学院是法国文化遗产领域的专业研究机构。依托多学科交叉优势和丰富的学术资源，在考古学、文物保护科学、博物馆学等领域开展系统研究。承担多项省部级以上科研项目，参与重大文物保护工程，培养专业人才队伍，为区域乃至全国文化遗产保护事业提供学术支撑和技术保障。,研究机构通用标准描述
罗马一大建筑学院,研究机构,国际-意大利,文化遗产领域专业研究机构,12,罗马一大建筑学院是意大利文化遗产领域的专业研究机构。依托多学科交叉优势和丰富的学术资源，在考古学、文物保护科学、博物馆学等领域开展系统研究。承担多项省部级以上科研项目，参与重大文物保护工程，培养专业人才队伍，为区域乃至全国文化遗产保护事业提供学术支撑和技术保障。,研究机构通用标准描述
新加坡国立大学设计与环境学院,研究机构,国际-新加坡,NUS设计与环境学院,10,新加坡国立大学设计与环境学院是新加坡文化遗产领域的专业研究机构。依托多学科交叉优势和丰富的学术资源，在考古学、文物保护科学、博物馆学等领域开展系统研究。承担多项省部级以上科研项目，参与重大文物保护工程，培养专业人才队伍，为区域乃至全国文化遗产保护事业提供学术支撑和技术保障。,研究机构通用标准描述
香港大学建筑学院,研究机构,国际-香港,文化遗产领域专业研究机构,12,香港大学建筑学院是香港文化遗产领域的专业研究机构。依托多学科交叉优势和丰富的学术资源，在考古学、文物保护科学、博物馆学等领域开展系统研究。承担多项省部级以上科研项目，参与重大文物保护工程，培养专业人才队伍，为区域乃至全国文化遗产保护事业提供学术支撑和技术保障。,研究机构通用标准描述
香港中文大学建筑系,研究机构,国际-香港,文化遗产领域专业研究机构,12,香港中文大学建筑系是香港文化遗产领域的专业研究机构。依托多学科交叉优势和丰富的学术资源，在考古学、文物保护科学、博物馆学等领域开展系统研究。承担多项省部级以上科研项目，参与重大文物保护工程，培养专业人才队伍，为区域乃至全国文化遗产保护事业提供学术支撑和技术保障。,研究机构通用标准描述
东京大学建筑系,研究机构,国际-日本,文化遗产领域专业研究机构,12,东京大学建筑系是日本文化遗产领域的专业研究机构。依托多学科交叉优势和丰富的学术资源，在考古学、文物保护科学、博物馆学等领域开展系统研究。承担多项省部级以上科研项目，参与重大文物保护工程，培养专业人才队伍，为区域乃至全国文化遗产保护事业提供学术支撑和技术保障。,研究机构通用标准描述
京都大学建筑系,研究机构,国际-日本,文化遗产领域专业研究机构,12,京都大学建筑系是日本文化遗产领域的专业研究机构。依托多学科交叉优势和丰富的学术资源，在考古学、文物保护科学、博物馆学等领域开展系统研究。承担多项省部级以上科研项目，参与重大文物保护工程，培养专业人才队伍，为区域乃至全国文化遗产保护事业提供学术支撑和技术保障。,研究机构通用标准描述
中国社会科学院历史研究所,研究机构,国内-北京,中国社会科学院历史研究所,12,中国社会科学院历史研究所隶属于中国社会科学院，是中国人文社会科学领域的重要研究机构。依托中国社科院强大的学术资源和平台优势，开展相关学科的学术研究、人才培养和国际交流工作，承担国家级科研项目，出版高水平学术成果，在推动中国哲学社会科学繁荣发展中发挥引领作用。,中国社会科学院体系标准描述
中国社会科学院文学研究所,研究机构,国内-北京,中国社会科学院文学研究所,12,中国社会科学院文学研究所隶属于中国社会科学院，是中国人文社会科学领域的重要研究机构。依托中国社科院强大的学术资源和平台优势，开展相关学科的学术研究、人才培养和国际交流工作，承担国家级科研项目，出版高水平学术成果，在推动中国哲学社会科学繁荣发展中发挥引领作用。,中国社会科学院体系标准描述
中国社会科学院哲学研究所,研究机构,国内-北京,中国社会科学院哲学研究所,12,中国社会科学院哲学研究所隶属于中国社会科学院，是中国人文社会科学领域的重要研究机构。依托中国社科院强大的学术资源和平台优势，开展相关学科的学术研究、人才培养和国际交流工作，承担国家级科研项目，出版高水平学术成果，在推动中国哲学社会科学繁荣发展中发挥引领作用。,中国社会科学院体系标准描述
中国社会科学院民族学与人类学研究所,研究机构,国内-北京,中国社会科学院民族学与人类学研究所,17,中国社会科学院民族学与人类学研究所隶属于中国社会科学院，是中国人文社会科学领域的重要研究机构。依托中国社科院强大的学术资源和平台优势，开展相关学科的学术研究、人才培养和国际交流工作，承担国家级科研项目，出版高水平学术成果，在推动中国哲学社会科学繁荣发展中发挥引领作用。,中国社会科学院体系标准描述
中国国家博物馆学术研究中心,研究机构,国内-北京,国家博物馆学术研究中心,11,中国国家博物馆学术研究中心是北京文化遗产领域的专业研究机构。依托多学科交叉优势和丰富的学术资源，在考古学、文物保护科学、博物馆学等领域开展系统研究。承担多项省部级以上科研项目，参与重大文物保护工程，培养专业人才队伍，为区域乃至全国文化遗产保护事业提供学术支撑和技术保障。,研究机构通用标准描述
中国非物质文化遗产保护中心,研究机构,国内-北京,中国非物质文化遗产保护中心,13,中国非物质文化遗产保护中心专注于文化遗产保护与修复领域的技术研发和应用实践。拥有一支多学科交叉的专业团队，开展文物病害诊断、保护材料研发、修复工艺优化等核心工作。参与多项国家级重点文物保护工程，在不可移动文物和可移动文物保护方面积累丰富经验，是文化遗产科技保护的中坚力量。,保护修复类研究机构标准描述
敦煌研究院文献研究所,研究机构,国内-甘肃,敦煌研究院文献研究所,10,敦煌研究院文献研究所是甘肃文化遗产领域的专业研究机构。依托多学科交叉优势和丰富的学术资源，在考古学、文物保护科学、博物馆学等领域开展系统研究。承担多项省部级以上科研项目，参与重大文物保护工程，培养专业人才队伍，为区域乃至全国文化遗产保护事业提供学术支撑和技术保障。,研究机构通用标准描述
秦始皇陵博物院,研究机构,国内-陕西,文化遗产领域专业研究机构,12,秦始皇陵博物院是陕西文化遗产领域的专业研究机构。依托多学科交叉优势和丰富的学术资源，在考古学、文物保护科学、博物馆学等领域开展系统研究。承担多项省部级以上科研项目，参与重大文物保护工程，培养专业人才队伍，为区域乃至全国文化遗产保护事业提供学术支撑和技术保障。,研究机构通用标准描述
西安碑林博物馆,研究机构,国内-陕西,文化遗产领域专业研究机构,12,西安碑林博物馆是陕西文化遗产领域的专业研究机构。依托多学科交叉优势和丰富的学术资源，在考古学、文物保护科学、博物馆学等领域开展系统研究。承担多项省部级以上科研项目，参与重大文物保护工程，培养专业人才队伍，为区域乃至全国文化遗产保护事业提供学术支撑和技术保障。,研究机构通用标准描述
南京博物院文物保护研究所,研究机构,国内-江苏,南京博物院文物保护研究所,12,南京博物院文物保护研究所是江苏文化遗产教育与研究的重要学术机构。依托所在高校的学科优势和师资力量，系统开展考古学、文物与博物馆学、艺术史等领域的教学科研和人才培养工作。承担国家级省部级科研项目，在国际学术交流与合作中发挥积极作用，为文化遗产保护事业培养高层次专业人才。,高校研究机构标准描述
上海博物馆文物保护研究所,研究机构,国内-上海,上海博物馆文物保护研究所,12,上海博物馆文物保护研究所专注于文化遗产保护与修复领域的技术研发和应用实践。拥有一支多学科交叉的专业团队，开展文物病害诊断、保护材料研发、修复工艺优化等核心工作。参与多项国家级重点文物保护工程，在不可移动文物和可移动文物保护方面积累丰富经验，是文化遗产科技保护的中坚力量。,保护修复类研究机构标准描述
中国文物保护技术协会科技委员会,研究机构,国内-北京,中国文物保护技术协会科技委员会,15,中国文物保护技术协会科技委员会专注于文化遗产保护与修复领域的技术研发和应用实践。拥有一支多学科交叉的专业团队，开展文物病害诊断、保护材料研发、修复工艺优化等核心工作。参与多项国家级重点文物保护工程，在不可移动文物和可移动文物保护方面积累丰富经验，是文化遗产科技保护的中坚力量。,保护修复类研究机构标准描述
中国博物馆学会陈列艺术委员会,研究机构,国内-北京,中国博物馆学会陈列艺术委员会,14,中国博物馆学会陈列艺术委员会是文化遗产领域的专业学术团体，汇聚本领域专家学者和从业者。通过组织学术研讨会、出版专业刊物、开展课题研究等方式，推动文化遗产保护理论创新和实践发展。在行业标准制定、专业人才培养和社会公众教育方面发挥积极作用，是连接学术研究与实践应用的重要桥梁。,学会协会标准描述
中国文物学会文物修复委员会,研究机构,国内-北京,中国文物学会文物修复委员会,13,中国文物学会文物修复委员会专注于文化遗产保护与修复领域的技术研发和应用实践。拥有一支多学科交叉的专业团队，开展文物病害诊断、保护材料研发、修复工艺优化等核心工作。参与多项国家级重点文物保护工程，在不可移动文物和可移动文物保护方面积累丰富经验，是文化遗产科技保护的中坚力量。,保护修复类研究机构标准描述
中国考古学会宋辽金元委员会,研究机构,国内-北京,中国考古学会宋辽金元委员会,13,中国考古学会宋辽金元委员会是文化遗产领域的专业学术团体，汇聚本领域专家学者和从业者。通过组织学术研讨会、出版专业刊物、开展课题研究等方式，推动文化遗产保护理论创新和实践发展。在行业标准制定、专业人才培养和社会公众教育方面发挥积极作用，是连接学术研究与实践应用的重要桥梁。,学会协会标准描述
中国紫禁城学会文物保护委员会,研究机构,国内-北京,中国紫禁城学会文物保护委员会,14,中国紫禁城学会文物保护委员会专注于文化遗产保护与修复领域的技术研发和应用实践。拥有一支多学科交叉的专业团队，开展文物病害诊断、保护材料研发、修复工艺优化等核心工作。参与多项国家级重点文物保护工程，在不可移动文物和可移动文物保护方面积累丰富经验，是文化遗产科技保护的中坚力量。,保护修复类研究机构标准描述
国际文物修复学会中国分会,研究机构,国际-中国,国际文物修复学会中国分会,12,国际文物修复学会中国分会专注于文化遗产保护与修复领域的技术研发和应用实践。拥有一支多学科交叉的专业团队，开展文物病害诊断、保护材料研发、修复工艺优化等核心工作。参与多项国家级重点文物保护工程，在不可移动文物和可移动文物保护方面积累丰富经验，是文化遗产科技保护的中坚力量。,保护修复类研究机构标准描述
中国文化遗产保护学会传统村落委员会,研究机构,国内-北京,中国文化遗产保护学会传统村落委员会,17,中国文化遗产保护学会传统村落委员会专注于文化遗产保护与修复领域的技术研发和应用实践。拥有一支多学科交叉的专业团队，开展文物病害诊断、保护材料研发、修复工艺优化等核心工作。参与多项国家级重点文物保护工程，在不可移动文物和可移动文物保护方面积累丰富经验，是文化遗产科技保护的中坚力量。,保护修复类研究机构标准描述
中国建筑学会建筑史学分会,研究机构,国内-北京,中国建筑学会建筑史学分会,12,中国建筑学会建筑史学分会是文化遗产领域的专业学术团体，汇聚本领域专家学者和从业者。通过组织学术研讨会、出版专业刊物、开展课题研究等方式，推动文化遗产保护理论创新和实践发展。在行业标准制定、专业人才培养和社会公众教育方面发挥积极作用，是连接学术研究与实践应用的重要桥梁。,学会协会标准描述
中国社会科学院世界历史研究所,研究机构,国内-北京,中国社会科学院世界历史研究所,14,中国社会科学院世界历史研究所隶属于中国社会科学院，是中国人文社会科学领域的重要研究机构。依托中国社科院强大的学术资源和平台优势，开展相关学科的学术研究、人才培养和国际交流工作，承担国家级科研项目，出版高水平学术成果，在推动中国哲学社会科学繁荣发展中发挥引领作用。,中国社会科学院体系标准描述
中国社会科学院近代史研究所,研究机构,国内-北京,中国社会科学院近代史研究所,13,中国社会科学院近代史研究所隶属于中国社会科学院，是中国人文社会科学领域的重要研究机构。依托中国社科院强大的学术资源和平台优势，开展相关学科的学术研究、人才培养和国际交流工作，承担国家级科研项目，出版高水平学术成果，在推动中国哲学社会科学繁荣发展中发挥引领作用。,中国社会科学院体系标准描述
中国社会科学院古代史研究所,研究机构,国内-北京,中国社会科学院古代史研究所,13,中国社会科学院古代史研究所隶属于中国社会科学院，是中国人文社会科学领域的重要研究机构。依托中国社科院强大的学术资源和平台优势，开展相关学科的学术研究、人才培养和国际交流工作，承担国家级科研项目，出版高水平学术成果，在推动中国哲学社会科学繁荣发展中发挥引领作用。,中国社会科学院体系标准描述
中国社会科学院世界宗教研究所,研究机构,国内-北京,中国社会科学院世界宗教研究所,14,中国社会科学院世界宗教研究所隶属于中国社会科学院，是中国人文社会科学领域的重要研究机构。依托中国社科院强大的学术资源和平台优势，开展相关学科的学术研究、人才培养和国际交流工作，承担国家级科研项目，出版高水平学术成果，在推动中国哲学社会科学繁荣发展中发挥引领作用。,中国社会科学院体系标准描述
中国社会科学院艺术研究院,研究机构,国内-北京,中国社会科学院艺术研究院,12,中国社会科学院艺术研究院隶属于中国社会科学院，是中国人文社会科学领域的重要研究机构。依托中国社科院强大的学术资源和平台优势，开展相关学科的学术研究、人才培养和国际交流工作，承担国家级科研项目，出版高水平学术成果，在推动中国哲学社会科学繁荣发展中发挥引领作用。,中国社会科学院体系标准描述
河南省文物考古研究院,研究机构,国内-河南,河南省文物考古研究院,10,河南省文物考古研究院是河南考古学研究的核心机构，长期从事本区域考古发掘、文物保护和学术研究工作。拥有专业的田野考古团队和文物保护实验室，系统开展史前至历史时期的文化遗存调查、发掘与研究，在区域文明探源、古代社会复原和文化遗产价值阐释方面取得重要成果，为地方文博事业提供学术支撑。,考古研究机构标准描述
山东省文物考古研究院,研究机构,国内-山东,山东省文物考古研究院,10,山东省文物考古研究院是山东考古学研究的核心机构，长期从事本区域考古发掘、文物保护和学术研究工作。拥有专业的田野考古团队和文物保护实验室，系统开展史前至历史时期的文化遗存调查、发掘与研究，在区域文明探源、古代社会复原和文化遗产价值阐释方面取得重要成果，为地方文博事业提供学术支撑。,考古研究机构标准描述
江苏省文物考古研究所,研究机构,国内-江苏,江苏省文物考古研究所,10,江苏省文物考古研究所是江苏考古学研究的核心机构，长期从事本区域考古发掘、文物保护和学术研究工作。拥有专业的田野考古团队和文物保护实验室，系统开展史前至历史时期的文化遗存调查、发掘与研究，在区域文明探源、古代社会复原和文化遗产价值阐释方面取得重要成果，为地方文博事业提供学术支撑。,考古研究机构标准描述
浙江省文物考古研究所,研究机构,国内-浙江,浙江省文物考古研究所,10,浙江省文物考古研究所是浙江考古学研究的核心机构，长期从事本区域考古发掘、文物保护和学术研究工作。拥有专业的田野考古团队和文物保护实验室，系统开展史前至历史时期的文化遗存调查、发掘与研究，在区域文明探源、古代社会复原和文化遗产价值阐释方面取得重要成果，为地方文博事业提供学术支撑。,考古研究机构标准描述
四川省文物考古研究院,研究机构,国内-四川,四川省文物考古研究院,10,四川省文物考古研究院是四川考古学研究的核心机构，长期从事本区域考古发掘、文物保护和学术研究工作。拥有专业的田野考古团队和文物保护实验室，系统开展史前至历史时期的文化遗存调查、发掘与研究，在区域文明探源、古代社会复原和文化遗产价值阐释方面取得重要成果，为地方文博事业提供学术支撑。,考古研究机构标准描述
湖北省文物考古研究所,研究机构,国内-湖北,湖北省文物考古研究所,10,湖北省文物考古研究所是湖北考古学研究的核心机构，长期从事本区域考古发掘、文物保护和学术研究工作。拥有专业的田野考古团队和文物保护实验室，系统开展史前至历史时期的文化遗存调查、发掘与研究，在区域文明探源、古代社会复原和文化遗产价值阐释方面取得重要成果，为地方文博事业提供学术支撑。,考古研究机构标准描述
湖南省文物考古研究所,研究机构,国内-湖南,湖南省文物考古研究所,10,湖南省文物考古研究所是湖南考古学研究的核心机构，长期从事本区域考古发掘、文物保护和学术研究工作。拥有专业的田野考古团队和文物保护实验室，系统开展史前至历史时期的文化遗存调查、发掘与研究，在区域文明探源、古代社会复原和文化遗产价值阐释方面取得重要成果，为地方文博事业提供学术支撑。,考古研究机构标准描述
广东省文物考古研究所,研究机构,国内-广东,广东省文物考古研究所,10,广东省文物考古研究所是广东考古学研究的核心机构，长期从事本区域考古发掘、文物保护和学术研究工作。拥有专业的田野考古团队和文物保护实验室，系统开展史前至历史时期的文化遗存调查、发掘与研究，在区域文明探源、古代社会复原和文化遗产价值阐释方面取得重要成果，为地方文博事业提供学术支撑。,考古研究机构标准描述
福建省文物考古研究所,研究机构,国内-福建,福建省文物考古研究所,10,福建省文物考古研究所是福建考古学研究的核心机构，长期从事本区域考古发掘、文物保护和学术研究工作。拥有专业的田野考古团队和文物保护实验室，系统开展史前至历史时期的文化遗存调查、发掘与研究，在区域文明探源、古代社会复原和文化遗产价值阐释方面取得重要成果，为地方文博事业提供学术支撑。,考古研究机构标准描述
江西省文物考古研究所,研究机构,国内-江西,江西省文物考古研究所,10,江西省文物考古研究所是江西考古学研究的核心机构，长期从事本区域考古发掘、文物保护和学术研究工作。拥有专业的田野考古团队和文物保护实验室，系统开展史前至历史时期的文化遗存调查、发掘与研究，在区域文明探源、古代社会复原和文化遗产价值阐释方面取得重要成果，为地方文博事业提供学术支撑。,考古研究机构标准描述
安徽省文物考古研究所,研究机构,国内-安徽,安徽省文物考古研究所,10,安徽省文物考古研究所是安徽考古学研究的核心机构，长期从事本区域考古发掘、文物保护和学术研究工作。拥有专业的田野考古团队和文物保护实验室，系统开展史前至历史时期的文化遗存调查、发掘与研究，在区域文明探源、古代社会复原和文化遗产价值阐释方面取得重要成果，为地方文博事业提供学术支撑。,考古研究机构标准描述
河北省文物考古研究所,研究机构,国内-河北,河北省文物考古研究所,10,河北省文物考古研究所是河北考古学研究的核心机构，长期从事本区域考古发掘、文物保护和学术研究工作。拥有专业的田野考古团队和文物保护实验室，系统开展史前至历史时期的文化遗存调查、发掘与研究，在区域文明探源、古代社会复原和文化遗产价值阐释方面取得重要成果，为地方文博事业提供学术支撑。,考古研究机构标准描述
辽宁省文物考古研究所,研究机构,国内-辽宁,辽宁省文物考古研究所,10,辽宁省文物考古研究所是辽宁考古学研究的核心机构，长期从事本区域考古发掘、文物保护和学术研究工作。拥有专业的田野考古团队和文物保护实验室，系统开展史前至历史时期的文化遗存调查、发掘与研究，在区域文明探源、古代社会复原和文化遗产价值阐释方面取得重要成果，为地方文博事业提供学术支撑。,考古研究机构标准描述
吉林省文物考古研究所,研究机构,国内-吉林,吉林省文物考古研究所,10,吉林省文物考古研究所是吉林考古学研究的核心机构，长期从事本区域考古发掘、文物保护和学术研究工作。拥有专业的田野考古团队和文物保护实验室，系统开展史前至历史时期的文化遗存调查、发掘与研究，在区域文明探源、古代社会复原和文化遗产价值阐释方面取得重要成果，为地方文博事业提供学术支撑。,考古研究机构标准描述
黑龙江省文物考古研究所,研究机构,国内-黑龙江,黑龙江省文物考古研究所,11,黑龙江省文物考古研究所是黑龙江考古学研究的核心机构，长期从事本区域考古发掘、文物保护和学术研究工作。拥有专业的田野考古团队和文物保护实验室，系统开展史前至历史时期的文化遗存调查、发掘与研究，在区域文明探源、古代社会复原和文化遗产价值阐释方面取得重要成果，为地方文博事业提供学术支撑。,考古研究机构标准描述
内蒙古文物考古研究所,研究机构,国内-内蒙古,内蒙古文物考古研究所,10,内蒙古文物考古研究所是内蒙古考古学研究的核心机构，长期从事本区域考古发掘、文物保护和学术研究工作。拥有专业的田野考古团队和文物保护实验室，系统开展史前至历史时期的文化遗存调查、发掘与研究，在区域文明探源、古代社会复原和文化遗产价值阐释方面取得重要成果，为地方文博事业提供学术支撑。,考古研究机构标准描述
云南省文物考古研究所,研究机构,国内-云南,云南省文物考古研究所,10,云南省文物考古研究所是云南考古学研究的核心机构，长期从事本区域考古发掘、文物保护和学术研究工作。拥有专业的田野考古团队和文物保护实验室，系统开展史前至历史时期的文化遗存调查、发掘与研究，在区域文明探源、古代社会复原和文化遗产价值阐释方面取得重要成果，为地方文博事业提供学术支撑。,考古研究机构标准描述
贵州省文物考古研究所,研究机构,国内-贵州,贵州省文物考古研究所,10,贵州省文物考古研究所是贵州考古学研究的核心机构，长期从事本区域考古发掘、文物保护和学术研究工作。拥有专业的田野考古团队和文物保护实验室，系统开展史前至历史时期的文化遗存调查、发掘与研究，在区域文明探源、古代社会复原和文化遗产价值阐释方面取得重要成果，为地方文博事业提供学术支撑。,考古研究机构标准描述
广西文物保护研究,研究机构,国内-广西,文化遗产领域专业研究机构,12,广西文物保护研究专注于文化遗产保护与修复领域的技术研发和应用实践。拥有一支多学科交叉的专业团队，开展文物病害诊断、保护材料研发、修复工艺优化等核心工作。参与多项国家级重点文物保护工程，在不可移动文物和可移动文物保护方面积累丰富经验，是文化遗产科技保护的中坚力量。,保护修复类研究机构标准描述
海南省文物保护研究所,研究机构,国内-海南,海南省文物保护研究所,10,海南省文物保护研究所专注于文化遗产保护与修复领域的技术研发和应用实践。拥有一支多学科交叉的专业团队，开展文物病害诊断、保护材料研发、修复工艺优化等核心工作。参与多项国家级重点文物保护工程，在不可移动文物和可移动文物保护方面积累丰富经验，是文化遗产科技保护的中坚力量。,保护修复类研究机构标准描述
青海省文物考古研究所,研究机构,国内-青海,青海省文物考古研究所,10,青海省文物考古研究所是青海考古学研究的核心机构，长期从事本区域考古发掘、文物保护和学术研究工作。拥有专业的田野考古团队和文物保护实验室，系统开展史前至历史时期的文化遗存调查、发掘与研究，在区域文明探源、古代社会复原和文化遗产价值阐释方面取得重要成果，为地方文博事业提供学术支撑。,考古研究机构标准描述
甘肃省文物考古研究所,研究机构,国内-甘肃,甘肃省文物考古研究所,10,甘肃省文物考古研究所是甘肃考古学研究的核心机构，长期从事本区域考古发掘、文物保护和学术研究工作。拥有专业的田野考古团队和文物保护实验室，系统开展史前至历史时期的文化遗存调查、发掘与研究，在区域文明探源、古代社会复原和文化遗产价值阐释方面取得重要成果，为地方文博事业提供学术支撑。,考古研究机构标准描述
北京大学艺术学院,研究机构,国内-北京,文化遗产领域专业研究机构,12,北京大学艺术学院是北京文化遗产领域的专业研究机构。依托多学科交叉优势和丰富的学术资源，在考古学、文物保护科学、博物馆学等领域开展系统研究。承担多项省部级以上科研项目，参与重大文物保护工程，培养专业人才队伍，为区域乃至全国文化遗产保护事业提供学术支撑和技术保障。,研究机构通用标准描述
武汉大学考古学系,研究机构,国内-湖北,文化遗产领域专业研究机构,12,武汉大学考古学系是湖北文化遗产教育与研究的重要学术机构。依托所在高校的学科优势和师资力量，系统开展考古学、文物与博物馆学、艺术史等领域的教学科研和人才培养工作。承担国家级省部级科研项目，在国际学术交流与合作中发挥积极作用，为文化遗产保护事业培养高层次专业人才。,高校研究机构标准描述
中山大学考古学系,研究机构,国内-广东,文化遗产领域专业研究机构,12,中山大学考古学系是广东文化遗产教育与研究的重要学术机构。依托所在高校的学科优势和师资力量，系统开展考古学、文物与博物馆学、艺术史等领域的教学科研和人才培养工作。承担国家级省部级科研项目，在国际学术交流与合作中发挥积极作用，为文化遗产保护事业培养高层次专业人才。,高校研究机构标准描述
厦门大学考古学系,研究机构,国内-福建,文化遗产领域专业研究机构,12,厦门大学考古学系是福建文化遗产教育与研究的重要学术机构。依托所在高校的学科优势和师资力量，系统开展考古学、文物与博物馆学、艺术史等领域的教学科研和人才培养工作。承担国家级省部级科研项目，在国际学术交流与合作中发挥积极作用，为文化遗产保护事业培养高层次专业人才。,高校研究机构标准描述
吉林大学考古学系,研究机构,国内-吉林,文化遗产领域专业研究机构,12,吉林大学考古学系是吉林文化遗产教育与研究的重要学术机构。依托所在高校的学科优势和师资力量，系统开展考古学、文物与博物馆学、艺术史等领域的教学科研和人才培养工作。承担国家级省部级科研项目，在国际学术交流与合作中发挥积极作用，为文化遗产保护事业培养高层次专业人才。,高校研究机构标准描述
中国人民大学考古学系,研究机构,国内-北京,中国人民大学考古学系,10,中国人民大学考古学系是北京文化遗产教育与研究的重要学术机构。依托所在高校的学科优势和师资力量，系统开展考古学、文物与博物馆学、艺术史等领域的教学科研和人才培养工作。承担国家级省部级科研项目，在国际学术交流与合作中发挥积极作用，为文化遗产保护事业培养高层次专业人才。,高校研究机构标准描述
中国美术学院艺术人文学院,研究机构,国内-浙江,中国美术学院艺术人文学院,12,中国美术学院艺术人文学院是浙江文化遗产领域的专业研究机构。依托多学科交叉优势和丰富的学术资源，在考古学、文物保护科学、博物馆学等领域开展系统研究。承担多项省部级以上科研项目，参与重大文物保护工程，培养专业人才队伍，为区域乃至全国文化遗产保护事业提供学术支撑和技术保障。,研究机构通用标准描述
史密森尼学会保护中心,研究机构,国际-美国,史密森尼学会保护中心,10,史密森尼学会保护中心专注于文化遗产保护与修复领域的技术研发和应用实践。拥有一支多学科交叉的专业团队，开展文物病害诊断、保护材料研发、修复工艺优化等核心工作。参与多项国家级重点文物保护工程，在不可移动文物和可移动文物保护方面积累丰富经验，是文化遗产科技保护的中坚力量。,保护修复类研究机构标准描述
美国国家艺术馆保护实验室,研究机构,国际-美国,美国国家艺术馆保护实验室,12,美国国家艺术馆保护实验室专注于文化遗产保护与修复领域的技术研发和应用实践。拥有一支多学科交叉的专业团队，开展文物病害诊断、保护材料研发、修复工艺优化等核心工作。参与多项国家级重点文物保护工程，在不可移动文物和可移动文物保护方面积累丰富经验，是文化遗产科技保护的中坚力量。,保护修复类研究机构标准描述
UCL考古学系,研究机构,国际-英国,伦敦大学学院考古学系,10,UCL考古学系是英国文化遗产领域的专业研究机构。依托多学科交叉优势和丰富的学术资源，在考古学、文物保护科学、博物馆学等领域开展系统研究。承担多项省部级以上科研项目，参与重大文物保护工程，培养专业人才队伍，为区域乃至全国文化遗产保护事业提供学术支撑和技术保障。,研究机构通用标准描述
卢浮宫保护实验室,研究机构,国际-法国,文化遗产领域专业研究机构,12,卢浮宫保护实验室专注于文化遗产保护与修复领域的技术研发和应用实践。拥有一支多学科交叉的专业团队，开展文物病害诊断、保护材料研发、修复工艺优化等核心工作。参与多项国家级重点文物保护工程，在不可移动文物和可移动文物保护方面积累丰富经验，是文化遗产科技保护的中坚力量。,保护修复类研究机构标准描述
法国国家遗产中心,研究机构,国际-法国,文化遗产领域专业研究机构,12,法国国家遗产中心是法国文化遗产领域的专业研究机构。依托多学科交叉优势和丰富的学术资源，在考古学、文物保护科学、博物馆学等领域开展系统研究。承担多项省部级以上科研项目，参与重大文物保护工程，培养专业人才队伍，为区域乃至全国文化遗产保护事业提供学术支撑和技术保障。,研究机构通用标准描述
法国高等建筑学院,研究机构,国际-法国,文化遗产领域专业研究机构,12,法国高等建筑学院是法国文化遗产领域的专业研究机构。依托多学科交叉优势和丰富的学术资源，在考古学、文物保护科学、博物馆学等领域开展系统研究。承担多项省部级以上科研项目，参与重大文物保护工程，培养专业人才队伍，为区域乃至全国文化遗产保护事业提供学术支撑和技术保障。,研究机构通用标准描述
罗马一大考古学院,研究机构,国际-意大利,文化遗产领域专业研究机构,12,罗马一大考古学院是意大利文化遗产领域的专业研究机构。依托多学科交叉优势和丰富的学术资源，在考古学、文物保护科学、博物馆学等领域开展系统研究。承担多项省部级以上科研项目，参与重大文物保护工程，培养专业人才队伍，为区域乃至全国文化遗产保护事业提供学术支撑和技术保障。,研究机构通用标准描述
米兰理工建筑学院,研究机构,国际-意大利,文化遗产领域专业研究机构,12,米兰理工建筑学院是意大利文化遗产领域的专业研究机构。依托多学科交叉优势和丰富的学术资源，在考古学、文物保护科学、博物馆学等领域开展系统研究。承担多项省部级以上科研项目，参与重大文物保护工程，培养专业人才队伍，为区域乃至全国文化遗产保护事业提供学术支撑和技术保障。,研究机构通用标准描述
东京大学综合研究博物馆,研究机构,国际-日本,东京大学综合研究博物馆,11,东京大学综合研究博物馆是日本文化遗产领域的专业研究机构。依托多学科交叉优势和丰富的学术资源，在考古学、文物保护科学、博物馆学等领域开展系统研究。承担多项省部级以上科研项目，参与重大文物保护工程，培养专业人才队伍，为区域乃至全国文化遗产保护事业提供学术支撑和技术保障。,研究机构通用标准描述
日本文化财保护研究所,研究机构,国际-日本,日本文化财保护研究所,10,日本文化财保护研究所专注于文化遗产保护与修复领域的技术研发和应用实践。拥有一支多学科交叉的专业团队，开展文物病害诊断、保护材料研发、修复工艺优化等核心工作。参与多项国家级重点文物保护工程，在不可移动文物和可移动文物保护方面积累丰富经验，是文化遗产科技保护的中坚力量。,保护修复类研究机构标准描述
首尔大学考古学系,研究机构,国际-韩国,文化遗产领域专业研究机构,12,首尔大学考古学系是韩国文化遗产领域的专业研究机构。依托多学科交叉优势和丰富的学术资源，在考古学、文物保护科学、博物馆学等领域开展系统研究。承担多项省部级以上科研项目，参与重大文物保护工程，培养专业人才队伍，为区域乃至全国文化遗产保护事业提供学术支撑和技术保障。,研究机构通用标准描述
悉尼大学艺术学院,研究机构,国际-澳大利亚,文化遗产领域专业研究机构,12,悉尼大学艺术学院是澳大利亚文化遗产领域的专业研究机构。依托多学科交叉优势和丰富的学术资源，在考古学、文物保护科学、博物馆学等领域开展系统研究。承担多项省部级以上科研项目，参与重大文物保护工程，培养专业人才队伍，为区域乃至全国文化遗产保护事业提供学术支撑和技术保障。,研究机构通用标准描述
墨尔本大学艺术学院,研究机构,国际-澳大利亚,文化遗产领域专业研究机构,12,墨尔本大学艺术学院是澳大利亚文化遗产领域的专业研究机构。依托多学科交叉优势和丰富的学术资源，在考古学、文物保护科学、博物馆学等领域开展系统研究。承担多项省部级以上科研项目，参与重大文物保护工程，培养专业人才队伍，为区域乃至全国文化遗产保护事业提供学术支撑和技术保障。,研究机构通用标准描述
多伦多大学考古系,研究机构,国际-加拿大,文化遗产领域专业研究机构,12,多伦多大学考古系是加拿大文化遗产领域的专业研究机构。依托多学科交叉优势和丰富的学术资源，在考古学、文物保护科学、博物馆学等领域开展系统研究。承担多项省部级以上科研项目，参与重大文物保护工程，培养专业人才队伍，为区域乃至全国文化遗产保护事业提供学术支撑和技术保障。,研究机构通用标准描述
代尔夫特理工建筑学院,研究机构,国际-荷兰,代尔夫特理工建筑学院,10,代尔夫特理工建筑学院是荷兰文化遗产领域的专业研究机构。依托多学科交叉优势和丰富的学术资源，在考古学、文物保护科学、博物馆学等领域开展系统研究。承担多项省部级以上科研项目，参与重大文物保护工程，培养专业人才队伍，为区域乃至全国文化遗产保护事业提供学术支撑和技术保障。,研究机构通用标准描述
西班牙文化遗产研究所,研究机构,国际-西班牙,西班牙文化遗产研究所,10,西班牙文化遗产研究所是西班牙文化遗产领域的专业研究机构。依托多学科交叉优势和丰富的学术资源，在考古学、文物保护科学、博物馆学等领域开展系统研究。承担多项省部级以上科研项目，参与重大文物保护工程，培养专业人才队伍，为区域乃至全国文化遗产保护事业提供学术支撑和技术保障。,研究机构通用标准描述
新加坡国立大学,研究机构,国际-新加坡,新加坡国立大学艺术学院,11,新加坡国立大学是新加坡文化遗产领域的专业研究机构。依托多学科交叉优势和丰富的学术资源，在考古学、文物保护科学、博物馆学等领域开展系统研究。承担多项省部级以上科研项目，参与重大文物保护工程，培养专业人才队伍，为区域乃至全国文化遗产保护事业提供学术支撑和技术保障。,研究机构通用标准描述
香港故宫文化博物馆,研究机构,国际-香港,文化遗产领域专业研究机构,12,香港故宫文化博物馆是香港文化遗产领域的专业研究机构。依托多学科交叉优势和丰富的学术资源，在考古学、文物保护科学、博物馆学等领域开展系统研究。承担多项省部级以上科研项目，参与重大文物保护工程，培养专业人才队伍，为区域乃至全国文化遗产保护事业提供学术支撑和技术保障。,研究机构通用标准描述
台湾大学艺术史研究所,研究机构,国际-台湾,台湾大学艺术史研究所,10,台湾大学艺术史研究所是台湾文化遗产领域的专业研究机构。依托多学科交叉优势和丰富的学术资源，在考古学、文物保护科学、博物馆学等领域开展系统研究。承担多项省部级以上科研项目，参与重大文物保护工程，培养专业人才队伍，为区域乃至全国文化遗产保护事业提供学术支撑和技术保障。,研究机构通用标准描述
宾夕法尼亚大学设计学院,研究机构,国际-美国,文化遗产领域专业研究机构,12,宾夕法尼亚大学设计学院是美国文化遗产领域的专业研究机构。依托多学科交叉优势和丰富的学术资源，在考古学、文物保护科学、博物馆学等领域开展系统研究。承担多项省部级以上科研项目，参与重大文物保护工程，培养专业人才队伍，为区域乃至全国文化遗产保护事业提供学术支撑和技术保障。,研究机构通用标准描述
芝加哥大学艺术史系,研究机构,国际-美国,文化遗产领域专业研究机构,12,芝加哥大学艺术史系是美国文化遗产领域的专业研究机构。依托多学科交叉优势和丰富的学术资源，在考古学、文物保护科学、博物馆学等领域开展系统研究。承担多项省部级以上科研项目，参与重大文物保护工程，培养专业人才队伍，为区域乃至全国文化遗产保护事业提供学术支撑和技术保障。,研究机构通用标准描述
康奈尔大学建筑学院,研究机构,国际-美国,文化遗产领域专业研究机构,12,康奈尔大学建筑学院是美国文化遗产领域的专业研究机构。依托多学科交叉优势和丰富的学术资源，在考古学、文物保护科学、博物馆学等领域开展系统研究。承担多项省部级以上科研项目，参与重大文物保护工程，培养专业人才队伍，为区域乃至全国文化遗产保护事业提供学术支撑和技术保障。,研究机构通用标准描述
UCL巴特利特建筑学院,研究机构,国际-英国,文化遗产领域专业研究机构,12,UCL巴特利特建筑学院是英国文化遗产领域的专业研究机构。依托多学科交叉优势和丰富的学术资源，在考古学、文物保护科学、博物馆学等领域开展系统研究。承担多项省部级以上科研项目，参与重大文物保护工程，培养专业人才队伍，为区域乃至全国文化遗产保护事业提供学术支撑和技术保障。,研究机构通用标准描述
UCL考古学院,研究机构,国际-英国,文化遗产领域专业研究机构,12,UCL考古学院是英国文化遗产领域的专业研究机构。依托多学科交叉优势和丰富的学术资源，在考古学、文物保护科学、博物馆学等领域开展系统研究。承担多项省部级以上科研项目，参与重大文物保护工程，培养专业人才队伍，为区域乃至全国文化遗产保护事业提供学术支撑和技术保障。,研究机构通用标准描述
帝国理工学院,研究机构,国际-英国,文化遗产领域专业研究机构,12,帝国理工学院是英国文化遗产领域的专业研究机构。依托多学科交叉优势和丰富的学术资源，在考古学、文物保护科学、博物馆学等领域开展系统研究。承担多项省部级以上科研项目，参与重大文物保护工程，培养专业人才队伍，为区域乃至全国文化遗产保护事业提供学术支撑和技术保障。,研究机构通用标准描述
伦敦艺术大学,研究机构,国际-英国,文化遗产领域专业研究机构,12,伦敦艺术大学是英国文化遗产领域的专业研究机构。依托多学科交叉优势和丰富的学术资源，在考古学、文物保护科学、博物馆学等领域开展系统研究。承担多项省部级以上科研项目，参与重大文物保护工程，培养专业人才队伍，为区域乃至全国文化遗产保护事业提供学术支撑和技术保障。,研究机构通用标准描述
爱丁堡大学艺术学院,研究机构,国际-英国,文化遗产领域专业研究机构,12,爱丁堡大学艺术学院是英国文化遗产领域的专业研究机构。依托多学科交叉优势和丰富的学术资源，在考古学、文物保护科学、博物馆学等领域开展系统研究。承担多项省部级以上科研项目，参与重大文物保护工程，培养专业人才队伍，为区域乃至全国文化遗产保护事业提供学术支撑和技术保障。,研究机构通用标准描述
曼彻斯特大学艺术学院,研究机构,国际-英国,文化遗产领域专业研究机构,12,曼彻斯特大学艺术学院是英国文化遗产领域的专业研究机构。依托多学科交叉优势和丰富的学术资源，在考古学、文物保护科学、博物馆学等领域开展系统研究。承担多项省部级以上科研项目，参与重大文物保护工程，培养专业人才队伍，为区域乃至全国文化遗产保护事业提供学术支撑和技术保障。,研究机构通用标准描述
ETH苏黎世联邦理工建筑系,研究机构,国际-瑞士,文化遗产领域专业研究机构,12,ETH苏黎世联邦理工建筑系是瑞士文化遗产领域的专业研究机构。依托多学科交叉优势和丰富的学术资源，在考古学、文物保护科学、博物馆学等领域开展系统研究。承担多项省部级以上科研项目，参与重大文物保护工程，培养专业人才队伍，为区域乃至全国文化遗产保护事业提供学术支撑和技术保障。,研究机构通用标准描述
慕尼黑工业大建筑系,研究机构,国际-德国,文化遗产领域专业研究机构,12,慕尼黑工业大建筑系是德国文化遗产领域的专业研究机构。依托多学科交叉优势和丰富的学术资源，在考古学、文物保护科学、博物馆学等领域开展系统研究。承担多项省部级以上科研项目，参与重大文物保护工程，培养专业人才队伍，为区域乃至全国文化遗产保护事业提供学术支撑和技术保障。,研究机构通用标准描述
鲁汶大学,研究机构,国际-比利时,文化遗产领域专业研究机构,12,鲁汶大学是比利时文化遗产领域的专业研究机构。依托多学科交叉优势和丰富的学术资源，在考古学、文物保护科学、博物馆学等领域开展系统研究。承担多项省部级以上科研项目，参与重大文物保护工程，培养专业人才队伍，为区域乃至全国文化遗产保护事业提供学术支撑和技术保障。,研究机构通用标准描述
哥本哈根大学,研究机构,国际-丹麦,QS世界排名第107,10,哥本哈根大学是丹麦文化遗产领域的专业研究机构。依托多学科交叉优势和丰富的学术资源，在考古学、文物保护科学、博物馆学等领域开展系统研究。承担多项省部级以上科研项目，参与重大文物保护工程，培养专业人才队伍，为区域乃至全国文化遗产保护事业提供学术支撑和技术保障。,研究机构通用标准描述
斯德哥尔摩大学,研究机构,国际-瑞典,QS世界排名第118,10,斯德哥尔摩大学是瑞典文化遗产领域的专业研究机构。依托多学科交叉优势和丰富的学术资源，在考古学、文物保护科学、博物馆学等领域开展系统研究。承担多项省部级以上科研项目，参与重大文物保护工程，培养专业人才队伍，为区域乃至全国文化遗产保护事业提供学术支撑和技术保障。,研究机构通用标准描述
奥斯陆大学,研究机构,国际-挪威,QS世界排名第104,10,奥斯陆大学是挪威文化遗产领域的专业研究机构。依托多学科交叉优势和丰富的学术资源，在考古学、文物保护科学、博物馆学等领域开展系统研究。承担多项省部级以上科研项目，参与重大文物保护工程，培养专业人才队伍，为区域乃至全国文化遗产保护事业提供学术支撑和技术保障。,研究机构通用标准描述
赫尔辛基大学,研究机构,国际-芬兰,QS世界排名第109,10,赫尔辛基大学是芬兰文化遗产领域的专业研究机构。依托多学科交叉优势和丰富的学术资源，在考古学、文物保护科学、博物馆学等领域开展系统研究。承担多项省部级以上科研项目，参与重大文物保护工程，培养专业人才队伍，为区域乃至全国文化遗产保护事业提供学术支撑和技术保障。,研究机构通用标准描述
香港中文大学,研究机构,国际-香港,文化遗产领域专业研究机构,12,香港中文大学是香港文化遗产领域的专业研究机构。依托多学科交叉优势和丰富的学术资源，在考古学、文物保护科学、博物馆学等领域开展系统研究。承担多项省部级以上科研项目，参与重大文物保护工程，培养专业人才队伍，为区域乃至全国文化遗产保护事业提供学术支撑和技术保障。,研究机构通用标准描述
东京大学艺术与建筑系,研究机构,国际-日本,文化遗产领域专业研究机构,12,东京大学艺术与建筑系是日本文化遗产领域的专业研究机构。依托多学科交叉优势和丰富的学术资源，在考古学、文物保护科学、博物馆学等领域开展系统研究。承担多项省部级以上科研项目，参与重大文物保护工程，培养专业人才队伍，为区域乃至全国文化遗产保护事业提供学术支撑和技术保障。,研究机构通用标准描述
京都大学艺术与环境学院,研究机构,国际-日本,文化遗产领域专业研究机构,12,京都大学艺术与环境学院是日本文化遗产领域的专业研究机构。依托多学科交叉优势和丰富的学术资源，在考古学、文物保护科学、博物馆学等领域开展系统研究。承担多项省部级以上科研项目，参与重大文物保护工程，培养专业人才队伍，为区域乃至全国文化遗产保护事业提供学术支撑和技术保障。,研究机构通用标准描述
首尔大学艺术学院,研究机构,国际-韩国,文化遗产领域专业研究机构,12,首尔大学艺术学院是韩国文化遗产领域的专业研究机构。依托多学科交叉优势和丰富的学术资源，在考古学、文物保护科学、博物馆学等领域开展系统研究。承担多项省部级以上科研项目，参与重大文物保护工程，培养专业人才队伍，为区域乃至全国文化遗产保护事业提供学术支撑和技术保障。,研究机构通用标准描述
延世大学艺术学院,研究机构,国际-韩国,文化遗产领域专业研究机构,12,延世大学艺术学院是韩国文化遗产领域的专业研究机构。依托多学科交叉优势和丰富的学术资源，在考古学、文物保护科学、博物馆学等领域开展系统研究。承担多项省部级以上科研项目，参与重大文物保护工程，培养专业人才队伍，为区域乃至全国文化遗产保护事业提供学术支撑和技术保障。,研究机构通用标准描述
高丽大学艺术学院,研究机构,国际-韩国,文化遗产领域专业研究机构,12,高丽大学艺术学院是韩国文化遗产领域的专业研究机构。依托多学科交叉优势和丰富的学术资源，在考古学、文物保护科学、博物馆学等领域开展系统研究。承担多项省部级以上科研项目，参与重大文物保护工程，培养专业人才队伍，为区域乃至全国文化遗产保护事业提供学术支撑和技术保障。,研究机构通用标准描述
印度理工建筑学院,研究机构,国际-印度,文化遗产领域专业研究机构,12,印度理工建筑学院是印度文化遗产领域的专业研究机构。依托多学科交叉优势和丰富的学术资源，在考古学、文物保护科学、博物馆学等领域开展系统研究。承担多项省部级以上科研项目，参与重大文物保护工程，培养专业人才队伍，为区域乃至全国文化遗产保护事业提供学术支撑和技术保障。,研究机构通用标准描述
新南威尔士大学艺术学院,研究机构,国际-澳大利亚,文化遗产领域专业研究机构,12,新南威尔士大学艺术学院是澳大利亚文化遗产领域的专业研究机构。依托多学科交叉优势和丰富的学术资源，在考古学、文物保护科学、博物馆学等领域开展系统研究。承担多项省部级以上科研项目，参与重大文物保护工程，培养专业人才队伍，为区域乃至全国文化遗产保护事业提供学术支撑和技术保障。,研究机构通用标准描述
昆士兰大学艺术学院,研究机构,国际-澳大利亚,文化遗产领域专业研究机构,12,昆士兰大学艺术学院是澳大利亚文化遗产领域的专业研究机构。依托多学科交叉优势和丰富的学术资源，在考古学、文物保护科学、博物馆学等领域开展系统研究。承担多项省部级以上科研项目，参与重大文物保护工程，培养专业人才队伍，为区域乃至全国文化遗产保护事业提供学术支撑和技术保障。,研究机构通用标准描述
新西兰奥克兰大学,研究机构,国际-新西兰,文化遗产领域专业研究机构,12,新西兰奥克兰大学是新西兰文化遗产领域的专业研究机构。依托多学科交叉优势和丰富的学术资源，在考古学、文物保护科学、博物馆学等领域开展系统研究。承担多项省部级以上科研项目，参与重大文物保护工程，培养专业人才队伍，为区域乃至全国文化遗产保护事业提供学术支撑和技术保障。,研究机构通用标准描述
新西兰惠灵顿维多利亚大学,研究机构,国际-新西兰,QS世界排名第236,10,新西兰惠灵顿维多利亚大学是新西兰文化遗产领域的专业研究机构。依托多学科交叉优势和丰富的学术资源，在考古学、文物保护科学、博物馆学等领域开展系统研究。承担多项省部级以上科研项目，参与重大文物保护工程，培养专业人才队伍，为区域乃至全国文化遗产保护事业提供学术支撑和技术保障。,研究机构通用标准描述
波提切利美术馆,博物馆,国际-意大利,意大利文艺复兴美术馆,10,波提切利美术馆是意大利重要的文博机构，以收藏展示本地区历史文化遗产为核心使命。馆藏涵盖考古出土文物、历史文献、民族民俗器物等多个门类，设有常设展览和临时展厅，系统呈现意大利从古至今的文化发展脉络。通过举办展览、学术研究和公共教育活动，为公众了解意大利文化提供重要窗口。,博物馆通用标准描述
新南威尔士美术馆,博物馆,国际-澳大利亚,澳大利亚重要文博机构,10,新南威尔士美术馆是澳大利亚重要的文博机构，以收藏展示本地区历史文化遗产为核心使命。馆藏涵盖考古出土文物、历史文献、民族民俗器物等多个门类，设有常设展览和临时展厅，系统呈现澳大利亚从古至今的文化发展脉络。通过举办展览、学术研究和公共教育活动，为公众了解澳大利亚文化提供重要窗口。,博物馆通用标准描述
维多利亚国家美术馆,博物馆,国际-澳大利亚,澳大利亚重要文博机构,10,维多利亚国家美术馆是澳大利亚重要的文博机构，以收藏展示本地区历史文化遗产为核心使命。馆藏涵盖考古出土文物、历史文献、民族民俗器物等多个门类，设有常设展览和临时展厅，系统呈现澳大利亚从古至今的文化发展脉络。通过举办展览、学术研究和公共教育活动，为公众了解澳大利亚文化提供重要窗口。,博物馆通用标准描述
墨西哥国家人类学博物馆,博物馆,国际-墨西哥,世界最大人类学博物馆,10,墨西哥国家人类学博物馆是墨西哥重要的文博机构，以收藏展示本地区历史文化遗产为核心使命。馆藏涵盖考古出土文物、历史文献、民族民俗器物等多个门类，设有常设展览和临时展厅，系统呈现墨西哥从古至今的文化发展脉络。通过举办展览、学术研究和公共教育活动，为公众了解墨西哥文化提供重要窗口。,博物馆通用标准描述
重庆市文化和旅游发展委员会,政府机构,国内-重庆,重庆市文化和旅游发展委员会,13,重庆市文化和旅游发展委员会是重庆文化事业和旅游产业的主管部门，承担公共文化服务体系建设、文化艺术创作引导、文物保护利用、非物质文化遗产传承、文化旅游市场监管等核心职能。通过制定政策规划、组织实施重点项目、促进文旅深度融合，推动重庆文化事业繁荣和文化旅游产业高质量发展。,政府文旅部门标准描述
辽宁省文化和旅游厅,政府机构,国内-辽宁,辽宁省文化和旅游厅官方网站,13,辽宁省文化和旅游厅是辽宁文化和旅游事业的主管部门，负责统筹本地区文化事业、文化产业和旅游业发展，组织实施文化资源普查、挖掘和保护工作，指导和管理公共文化服务体系建设，推进文化旅游融合发展，监督管理文化和旅游市场秩序，承担文物保护和非物质文化遗产传承等职能，在区域文化遗产保护与利用中发挥关键作用。,政府机构标准描述：职能+范围+文化遗产职责
海南省旅游和文化广电体育厅,政府机构,国内-海南,海南省旅游和文化广电体育厅,13,海南省旅游和文化广电体育厅是海南文化事业和旅游产业的主管部门，承担公共文化服务体系建设、文化艺术创作引导、文物保护利用、非物质文化遗产传承、文化旅游市场监管等核心职能。通过制定政策规划、组织实施重点项目、促进文旅深度融合，推动海南文化事业繁荣和文化旅游产业高质量发展。,政府文旅部门标准描述
香港特别行政区政府文物办事处,政府机构,国内-香港,香港特别行政区政府文物办事处,14,香港特别行政区政府文物办事处是香港文化事业和旅游产业的主管部门，承担公共文化服务体系建设、文化艺术创作引导、文物保护利用、非物质文化遗产传承、文化旅游市场监管等核心职能。通过制定政策规划、组织实施重点项目、促进文旅深度融合，推动香港文化事业繁荣和文化旅游产业高质量发展。,政府文旅部门标准描述
澳门特别行政区政府文化局,政府机构,国内-澳门,澳门特别行政区政府文化局,12,澳门特别行政区政府文化局是澳门文化事业和旅游产业的主管部门，承担公共文化服务体系建设、文化艺术创作引导、文物保护利用、非物质文化遗产传承、文化旅游市场监管等核心职能。通过制定政策规划、组织实施重点项目、促进文旅深度融合，推动澳门文化事业繁荣和文化旅游产业高质量发展。,政府文旅部门标准描述
台湾文化和部,政府机构,国内-台湾,台湾文化和旅游主管部门,11,台湾文化和部是台湾文化事业和旅游产业的主管部门，承担公共文化服务体系建设、文化艺术创作引导、文物保护利用、非物质文化遗产传承、文化旅游市场监管等核心职能。通过制定政策规划、组织实施重点项目、促进文旅深度融合，推动台湾文化事业繁荣和文化旅游产业高质量发展。,政府文旅部门标准描述
广州市文化广电旅游局,政府机构,国内-广东,广州市文化广电旅游局,10,广州市文化广电旅游局是广东文化和旅游事业的主管部门，负责统筹本地区文化事业、文化产业和旅游业发展，组织实施文化资源普查、挖掘和保护工作，指导和管理公共文化服务体系建设，推进文化旅游融合发展，监督管理文化和旅游市场秩序，承担文物保护和非物质文化遗产传承等职能，在区域文化遗产保护与利用中发挥关键作用。,政府机构标准描述：职能+范围+文化遗产职责
深圳市文化广电旅游体育局,政府机构,国内-广东,深圳市文化广电旅游体育局,12,深圳市文化广电旅游体育局是广东文化和旅游事业的主管部门，负责统筹本地区文化事业、文化产业和旅游业发展，组织实施文化资源普查、挖掘和保护工作，指导和管理公共文化服务体系建设，推进文化旅游融合发展，监督管理文化和旅游市场秩序，承担文物保护和非物质文化遗产传承等职能，在区域文化遗产保护与利用中发挥关键作用。,政府机构标准描述：职能+范围+文化遗产职责
成都市文化广电旅游局,政府机构,国内-四川,成都市文化广电旅游局,10,成都市文化广电旅游局是四川文化和旅游事业的主管部门，负责统筹本地区文化事业、文化产业和旅游业发展，组织实施文化资源普查、挖掘和保护工作，指导和管理公共文化服务体系建设，推进文化旅游融合发展，监督管理文化和旅游市场秩序，承担文物保护和非物质文化遗产传承等职能，在区域文化遗产保护与利用中发挥关键作用。,政府机构标准描述：职能+范围+文化遗产职责
苏州市文化广电和旅游局,政府机构,国内-江苏,苏州市文化广电和旅游局,11,苏州市文化广电和旅游局是江苏文化事业和旅游产业的主管部门，承担公共文化服务体系建设、文化艺术创作引导、文物保护利用、非物质文化遗产传承、文化旅游市场监管等核心职能。通过制定政策规划、组织实施重点项目、促进文旅深度融合，推动江苏文化事业繁荣和文化旅游产业高质量发展。,政府文旅部门标准描述
长沙市文化旅游广电局,政府机构,国内-湖南,长沙市文化旅游广电局,10,长沙市文化旅游广电局是湖南文化事业和旅游产业的主管部门，承担公共文化服务体系建设、文化艺术创作引导、文物保护利用、非物质文化遗产传承、文化旅游市场监管等核心职能。通过制定政策规划、组织实施重点项目、促进文旅深度融合，推动湖南文化事业繁荣和文化旅游产业高质量发展。,政府文旅部门标准描述
沈阳市文化旅游和广播电视局,政府机构,国内-辽宁,沈阳市文化旅游和广播电视局,13,沈阳市文化旅游和广播电视局是辽宁文化事业和旅游产业的主管部门，承担公共文化服务体系建设、文化艺术创作引导、文物保护利用、非物质文化遗产传承、文化旅游市场监管等核心职能。通过制定政策规划、组织实施重点项目、促进文旅深度融合，推动辽宁文化事业繁荣和文化旅游产业高质量发展。,政府文旅部门标准描述
哈尔滨市文化广电和旅游局,政府机构,国内-黑龙江,哈尔滨市文化广电和旅游局,12,哈尔滨市文化广电和旅游局是黑龙江文化事业和旅游产业的主管部门，承担公共文化服务体系建设、文化艺术创作引导、文物保护利用、非物质文化遗产传承、文化旅游市场监管等核心职能。通过制定政策规划、组织实施重点项目、促进文旅深度融合，推动黑龙江文化事业繁荣和文化旅游产业高质量发展。,政府文旅部门标准描述
天津市文化和旅游局,政府机构,国内-天津,天津市文化和旅游局官方网站,13,天津市文化和旅游局是天津文化和旅游事业的主管部门，负责统筹本地区文化事业、文化产业和旅游业发展，组织实施文化资源普查、挖掘和保护工作，指导和管理公共文化服务体系建设，推进文化旅游融合发展，监督管理文化和旅游市场秩序，承担文物保护和非物质文化遗产传承等职能，在区域文化遗产保护与利用中发挥关键作用。,政府机构标准描述：职能+范围+文化遗产职责
河北省文物局,政府机构,国内-河北,河北省文物局官方网站,10,河北省文物局是河北文物保护和管理的专门机构，负责本地区不可移动文物普查登记、文物保护单位监督管理、考古发掘项目管理、可移动文物收藏保护及博物馆事业指导等工作。依法查处文物违法行为，组织实施文物安全防范工程，推动文物合理利用与活化展示，是区域性文化遗产保护的核心力量。,文物局标准描述：职能+区域+文保职责
山西省文物局,政府机构,国内-山西,山西省文物局官方网站,10,山西省文物局是山西文物保护和管理的专门机构，负责本地区不可移动文物普查登记、文物保护单位监督管理、考古发掘项目管理、可移动文物收藏保护及博物馆事业指导等工作。依法查处文物违法行为，组织实施文物安全防范工程，推动文物合理利用与活化展示，是区域性文化遗产保护的核心力量。,文物局标准描述：职能+区域+文保职责
吉林省文化和旅游厅,政府机构,国内-吉林,吉林省文化和旅游厅官方网站,13,吉林省文化和旅游厅是吉林文化和旅游事业的主管部门，负责统筹本地区文化事业、文化产业和旅游业发展，组织实施文化资源普查、挖掘和保护工作，指导和管理公共文化服务体系建设，推进文化旅游融合发展，监督管理文化和旅游市场秩序，承担文物保护和非物质文化遗产传承等职能，在区域文化遗产保护与利用中发挥关键作用。,政府机构标准描述：职能+范围+文化遗产职责
黑龙江省文化和旅游厅,政府机构,国内-黑龙江,黑龙江省文化和旅游厅官方网站,14,黑龙江省文化和旅游厅是黑龙江文化和旅游事业的主管部门，负责统筹本地区文化事业、文化产业和旅游业发展，组织实施文化资源普查、挖掘和保护工作，指导和管理公共文化服务体系建设，推进文化旅游融合发展，监督管理文化和旅游市场秩序，承担文物保护和非物质文化遗产传承等职能，在区域文化遗产保护与利用中发挥关键作用。,政府机构标准描述：职能+范围+文化遗产职责
江苏省文化和旅游厅,政府机构,国内-江苏,江苏省文化和旅游厅官方网站,13,江苏省文化和旅游厅是江苏文化和旅游事业的主管部门，负责统筹本地区文化事业、文化产业和旅游业发展，组织实施文化资源普查、挖掘和保护工作，指导和管理公共文化服务体系建设，推进文化旅游融合发展，监督管理文化和旅游市场秩序，承担文物保护和非物质文化遗产传承等职能，在区域文化遗产保护与利用中发挥关键作用。,政府机构标准描述：职能+范围+文化遗产职责
浙江省文化和旅游厅,政府机构,国内-浙江,浙江省文化和旅游厅官方网站,13,浙江省文化和旅游厅是浙江文化和旅游事业的主管部门，负责统筹本地区文化事业、文化产业和旅游业发展，组织实施文化资源普查、挖掘和保护工作，指导和管理公共文化服务体系建设，推进文化旅游融合发展，监督管理文化和旅游市场秩序，承担文物保护和非物质文化遗产传承等职能，在区域文化遗产保护与利用中发挥关键作用。,政府机构标准描述：职能+范围+文化遗产职责
安徽省文化和旅游厅,政府机构,国内-安徽,安徽省文化和旅游厅官方网站,13,安徽省文化和旅游厅是安徽文化和旅游事业的主管部门，负责统筹本地区文化事业、文化产业和旅游业发展，组织实施文化资源普查、挖掘和保护工作，指导和管理公共文化服务体系建设，推进文化旅游融合发展，监督管理文化和旅游市场秩序，承担文物保护和非物质文化遗产传承等职能，在区域文化遗产保护与利用中发挥关键作用。,政府机构标准描述：职能+范围+文化遗产职责
福建省文化和旅游厅,政府机构,国内-福建,福建省文化和旅游厅官方网站,13,福建省文化和旅游厅是福建文化和旅游事业的主管部门，负责统筹本地区文化事业、文化产业和旅游业发展，组织实施文化资源普查、挖掘和保护工作，指导和管理公共文化服务体系建设，推进文化旅游融合发展，监督管理文化和旅游市场秩序，承担文物保护和非物质文化遗产传承等职能，在区域文化遗产保护与利用中发挥关键作用。,政府机构标准描述：职能+范围+文化遗产职责
江西省文化和旅游厅,政府机构,国内-江西,江西省文化和旅游厅官方网站,13,江西省文化和旅游厅是江西文化和旅游事业的主管部门，负责统筹本地区文化事业、文化产业和旅游业发展，组织实施文化资源普查、挖掘和保护工作，指导和管理公共文化服务体系建设，推进文化旅游融合发展，监督管理文化和旅游市场秩序，承担文物保护和非物质文化遗产传承等职能，在区域文化遗产保护与利用中发挥关键作用。,政府机构标准描述：职能+范围+文化遗产职责
山东省文化和旅游厅,政府机构,国内-山东,山东省文化和旅游厅官方网站,13,山东省文化和旅游厅是山东文化和旅游事业的主管部门，负责统筹本地区文化事业、文化产业和旅游业发展，组织实施文化资源普查、挖掘和保护工作，指导和管理公共文化服务体系建设，推进文化旅游融合发展，监督管理文化和旅游市场秩序，承担文物保护和非物质文化遗产传承等职能，在区域文化遗产保护与利用中发挥关键作用。,政府机构标准描述：职能+范围+文化遗产职责
河南省文化和旅游厅,政府机构,国内-河南,河南省文化和旅游厅官方网站,13,河南省文化和旅游厅是河南文化和旅游事业的主管部门，负责统筹本地区文化事业、文化产业和旅游业发展，组织实施文化资源普查、挖掘和保护工作，指导和管理公共文化服务体系建设，推进文化旅游融合发展，监督管理文化和旅游市场秩序，承担文物保护和非物质文化遗产传承等职能，在区域文化遗产保护与利用中发挥关键作用。,政府机构标准描述：职能+范围+文化遗产职责
湖北省文化和旅游厅,政府机构,国内-湖北,湖北省文化和旅游厅官方网站,13,湖北省文化和旅游厅是湖北文化和旅游事业的主管部门，负责统筹本地区文化事业、文化产业和旅游业发展，组织实施文化资源普查、挖掘和保护工作，指导和管理公共文化服务体系建设，推进文化旅游融合发展，监督管理文化和旅游市场秩序，承担文物保护和非物质文化遗产传承等职能，在区域文化遗产保护与利用中发挥关键作用。,政府机构标准描述：职能+范围+文化遗产职责
湖南省文化和旅游厅,政府机构,国内-湖南,湖南省文化和旅游厅官方网站,13,湖南省文化和旅游厅是湖南文化和旅游事业的主管部门，负责统筹本地区文化事业、文化产业和旅游业发展，组织实施文化资源普查、挖掘和保护工作，指导和管理公共文化服务体系建设，推进文化旅游融合发展，监督管理文化和旅游市场秩序，承担文物保护和非物质文化遗产传承等职能，在区域文化遗产保护与利用中发挥关键作用。,政府机构标准描述：职能+范围+文化遗产职责
广东省文化和旅游厅,政府机构,国内-广东,广东省文化和旅游厅官方网站,13,广东省文化和旅游厅是广东文化和旅游事业的主管部门，负责统筹本地区文化事业、文化产业和旅游业发展，组织实施文化资源普查、挖掘和保护工作，指导和管理公共文化服务体系建设，推进文化旅游融合发展，监督管理文化和旅游市场秩序，承担文物保护和非物质文化遗产传承等职能，在区域文化遗产保护与利用中发挥关键作用。,政府机构标准描述：职能+范围+文化遗产职责
四川省文化和旅游厅,政府机构,国内-四川,四川省文化和旅游厅官方网站,13,四川省文化和旅游厅是四川文化和旅游事业的主管部门，负责统筹本地区文化事业、文化产业和旅游业发展，组织实施文化资源普查、挖掘和保护工作，指导和管理公共文化服务体系建设，推进文化旅游融合发展，监督管理文化和旅游市场秩序，承担文物保护和非物质文化遗产传承等职能，在区域文化遗产保护与利用中发挥关键作用。,政府机构标准描述：职能+范围+文化遗产职责
贵州省文化和旅游厅,政府机构,国内-贵州,贵州省文化和旅游厅官方网站,13,贵州省文化和旅游厅是贵州文化和旅游事业的主管部门，负责统筹本地区文化事业、文化产业和旅游业发展，组织实施文化资源普查、挖掘和保护工作，指导和管理公共文化服务体系建设，推进文化旅游融合发展，监督管理文化和旅游市场秩序，承担文物保护和非物质文化遗产传承等职能，在区域文化遗产保护与利用中发挥关键作用。,政府机构标准描述：职能+范围+文化遗产职责
云南省文化和旅游厅,政府机构,国内-云南,云南省文化和旅游厅官方网站,13,云南省文化和旅游厅是云南文化和旅游事业的主管部门，负责统筹本地区文化事业、文化产业和旅游业发展，组织实施文化资源普查、挖掘和保护工作，指导和管理公共文化服务体系建设，推进文化旅游融合发展，监督管理文化和旅游市场秩序，承担文物保护和非物质文化遗产传承等职能，在区域文化遗产保护与利用中发挥关键作用。,政府机构标准描述：职能+范围+文化遗产职责
陕西省文化和旅游厅,政府机构,国内-陕西,陕西省文化和旅游厅官方网站,13,陕西省文化和旅游厅是陕西文化和旅游事业的主管部门，负责统筹本地区文化事业、文化产业和旅游业发展，组织实施文化资源普查、挖掘和保护工作，指导和管理公共文化服务体系建设，推进文化旅游融合发展，监督管理文化和旅游市场秩序，承担文物保护和非物质文化遗产传承等职能，在区域文化遗产保护与利用中发挥关键作用。,政府机构标准描述：职能+范围+文化遗产职责
甘肃省文化和旅游厅,政府机构,国内-甘肃,甘肃省文化和旅游厅官方网站,13,甘肃省文化和旅游厅是甘肃文化和旅游事业的主管部门，负责统筹本地区文化事业、文化产业和旅游业发展，组织实施文化资源普查、挖掘和保护工作，指导和管理公共文化服务体系建设，推进文化旅游融合发展，监督管理文化和旅游市场秩序，承担文物保护和非物质文化遗产传承等职能，在区域文化遗产保护与利用中发挥关键作用。,政府机构标准描述：职能+范围+文化遗产职责
青海省文化和旅游厅,政府机构,国内-青海,青海省文化和旅游厅官方网站,13,青海省文化和旅游厅是青海文化和旅游事业的主管部门，负责统筹本地区文化事业、文化产业和旅游业发展，组织实施文化资源普查、挖掘和保护工作，指导和管理公共文化服务体系建设，推进文化旅游融合发展，监督管理文化和旅游市场秩序，承担文物保护和非物质文化遗产传承等职能，在区域文化遗产保护与利用中发挥关键作用。,政府机构标准描述：职能+范围+文化遗产职责
台湾省文化部,政府机构,国内-台湾,台湾省文化部官方网站,10,台湾省文化部是台湾文化事业和旅游产业的主管部门，承担公共文化服务体系建设、文化艺术创作引导、文物保护利用、非物质文化遗产传承、文化旅游市场监管等核心职能。通过制定政策规划、组织实施重点项目、促进文旅深度融合，推动台湾文化事业繁荣和文化旅游产业高质量发展。,政府文旅部门标准描述
内蒙古自治区文化和旅游厅,政府机构,国内-内蒙古,内蒙古自治区文化和旅游厅官方网站,16,内蒙古自治区文化和旅游厅是内蒙古文化和旅游事业的主管部门，负责统筹本地区文化事业、文化产业和旅游业发展，组织实施文化资源普查、挖掘和保护工作，指导和管理公共文化服务体系建设，推进文化旅游融合发展，监督管理文化和旅游市场秩序，承担文物保护和非物质文化遗产传承等职能，在区域文化遗产保护与利用中发挥关键作用。,政府机构标准描述：职能+范围+文化遗产职责
广西壮族自治区文化和旅游厅,政府机构,国内-广西,广西壮族自治区文化和旅游厅官方网站,17,广西壮族自治区文化和旅游厅是广西文化和旅游事业的主管部门，负责统筹本地区文化事业、文化产业和旅游业发展，组织实施文化资源普查、挖掘和保护工作，指导和管理公共文化服务体系建设，推进文化旅游融合发展，监督管理文化和旅游市场秩序，承担文物保护和非物质文化遗产传承等职能，在区域文化遗产保护与利用中发挥关键作用。,政府机构标准描述：职能+范围+文化遗产职责
宁夏回族自治区文化和旅游厅,政府机构,国内-宁夏,宁夏回族自治区文化和旅游厅官方网站,17,宁夏回族自治区文化和旅游厅是宁夏文化和旅游事业的主管部门，负责统筹本地区文化事业、文化产业和旅游业发展，组织实施文化资源普查、挖掘和保护工作，指导和管理公共文化服务体系建设，推进文化旅游融合发展，监督管理文化和旅游市场秩序，承担文物保护和非物质文化遗产传承等职能，在区域文化遗产保护与利用中发挥关键作用。,政府机构标准描述：职能+范围+文化遗产职责
新疆维吾尔自治区文化和旅游厅,政府机构,国内-新疆,新疆维吾尔自治区文化和旅游厅官方网站,18,新疆维吾尔自治区文化和旅游厅是新疆文化和旅游事业的主管部门，负责统筹本地区文化事业、文化产业和旅游业发展，组织实施文化资源普查、挖掘和保护工作，指导和管理公共文化服务体系建设，推进文化旅游融合发展，监督管理文化和旅游市场秩序，承担文物保护和非物质文化遗产传承等职能，在区域文化遗产保护与利用中发挥关键作用。,政府机构标准描述：职能+范围+文化遗产职责
绵阳市文化广播电视和旅游局,政府机构,国内-四川,绵阳市文化广播电视和旅游局,13,绵阳市文化广播电视和旅游局是四川文化事业和旅游产业的主管部门，承担公共文化服务体系建设、文化艺术创作引导、文物保护利用、非物质文化遗产传承、文化旅游市场监管等核心职能。通过制定政策规划、组织实施重点项目、促进文旅深度融合，推动四川文化事业繁荣和文化旅游产业高质量发展。,政府文旅部门标准描述
自贡市文化广播电视和旅游局,政府机构,国内-四川,自贡市文化广播电视和旅游局,13,自贡市文化广播电视和旅游局是四川文化事业和旅游产业的主管部门，承担公共文化服务体系建设、文化艺术创作引导、文物保护利用、非物质文化遗产传承、文化旅游市场监管等核心职能。通过制定政策规划、组织实施重点项目、促进文旅深度融合，推动四川文化事业繁荣和文化旅游产业高质量发展。,政府文旅部门标准描述
德阳市文化广播电视和旅游局,政府机构,国内-四川,德阳市文化广播电视和旅游局,13,德阳市文化广播电视和旅游局是四川文化事业和旅游产业的主管部门，承担公共文化服务体系建设、文化艺术创作引导、文物保护利用、非物质文化遗产传承、文化旅游市场监管等核心职能。通过制定政策规划、组织实施重点项目、促进文旅深度融合，推动四川文化事业繁荣和文化旅游产业高质量发展。,政府文旅部门标准描述
泸州市文化广播电视和旅游局,政府机构,国内-四川,泸州市文化广播电视和旅游局,13,泸州市文化广播电视和旅游局是四川文化事业和旅游产业的主管部门，承担公共文化服务体系建设、文化艺术创作引导、文物保护利用、非物质文化遗产传承、文化旅游市场监管等核心职能。通过制定政策规划、组织实施重点项目、促进文旅深度融合，推动四川文化事业繁荣和文化旅游产业高质量发展。,政府文旅部门标准描述
宜宾市文化广播电视和旅游局,政府机构,国内-四川,宜宾市文化广播电视和旅游局,13,宜宾市文化广播电视和旅游局是四川文化事业和旅游产业的主管部门，承担公共文化服务体系建设、文化艺术创作引导、文物保护利用、非物质文化遗产传承、文化旅游市场监管等核心职能。通过制定政策规划、组织实施重点项目、促进文旅深度融合，推动四川文化事业繁荣和文化旅游产业高质量发展。,政府文旅部门标准描述
内江市文化广播电视和旅游局,政府机构,国内-四川,内江市文化广播电视和旅游局,13,内江市文化广播电视和旅游局是四川文化事业和旅游产业的主管部门，承担公共文化服务体系建设、文化艺术创作引导、文物保护利用、非物质文化遗产传承、文化旅游市场监管等核心职能。通过制定政策规划、组织实施重点项目、促进文旅深度融合，推动四川文化事业繁荣和文化旅游产业高质量发展。,政府文旅部门标准描述
乐山市文化广播电视和旅游局,政府机构,国内-四川,乐山市文化广播电视和旅游局,13,乐山市文化广播电视和旅游局是四川文化事业和旅游产业的主管部门，承担公共文化服务体系建设、文化艺术创作引导、文物保护利用、非物质文化遗产传承、文化旅游市场监管等核心职能。通过制定政策规划、组织实施重点项目、促进文旅深度融合，推动四川文化事业繁荣和文化旅游产业高质量发展。,政府文旅部门标准描述
南充市文化广播电视和旅游局,政府机构,国内-四川,南充市文化广播电视和旅游局,13,南充市文化广播电视和旅游局是四川文化事业和旅游产业的主管部门，承担公共文化服务体系建设、文化艺术创作引导、文物保护利用、非物质文化遗产传承、文化旅游市场监管等核心职能。通过制定政策规划、组织实施重点项目、促进文旅深度融合，推动四川文化事业繁荣和文化旅游产业高质量发展。,政府文旅部门标准描述
达州市文化广播电视和旅游局,政府机构,国内-四川,达州市文化广播电视和旅游局,13,达州市文化广播电视和旅游局是四川文化事业和旅游产业的主管部门，承担公共文化服务体系建设、文化艺术创作引导、文物保护利用、非物质文化遗产传承、文化旅游市场监管等核心职能。通过制定政策规划、组织实施重点项目、促进文旅深度融合，推动四川文化事业繁荣和文化旅游产业高质量发展。,政府文旅部门标准描述
珠海市文化广电旅游体育局,政府机构,国内-广东,珠海市文化广电旅游体育局,12,珠海市文化广电旅游体育局是广东文化和旅游事业的主管部门，负责统筹本地区文化事业、文化产业和旅游业发展，组织实施文化资源普查、挖掘和保护工作，指导和管理公共文化服务体系建设，推进文化旅游融合发展，监督管理文化和旅游市场秩序，承担文物保护和非物质文化遗产传承等职能，在区域文化遗产保护与利用中发挥关键作用。,政府机构标准描述：职能+范围+文化遗产职责
佛山市文化广电旅游体育局,政府机构,国内-广东,佛山市文化广电旅游体育局,12,佛山市文化广电旅游体育局是广东文化和旅游事业的主管部门，负责统筹本地区文化事业、文化产业和旅游业发展，组织实施文化资源普查、挖掘和保护工作，指导和管理公共文化服务体系建设，推进文化旅游融合发展，监督管理文化和旅游市场秩序，承担文物保护和非物质文化遗产传承等职能，在区域文化遗产保护与利用中发挥关键作用。,政府机构标准描述：职能+范围+文化遗产职责
东莞市文化广电旅游体育局,政府机构,国内-广东,东莞市文化广电旅游体育局,12,东莞市文化广电旅游体育局是广东文化和旅游事业的主管部门，负责统筹本地区文化事业、文化产业和旅游业发展，组织实施文化资源普查、挖掘和保护工作，指导和管理公共文化服务体系建设，推进文化旅游融合发展，监督管理文化和旅游市场秩序，承担文物保护和非物质文化遗产传承等职能，在区域文化遗产保护与利用中发挥关键作用。,政府机构标准描述：职能+范围+文化遗产职责
中山市文化广电旅游局,政府机构,国内-广东,中山市文化广电旅游局,10,中山市文化广电旅游局是广东文化和旅游事业的主管部门，负责统筹本地区文化事业、文化产业和旅游业发展，组织实施文化资源普查、挖掘和保护工作，指导和管理公共文化服务体系建设，推进文化旅游融合发展，监督管理文化和旅游市场秩序，承担文物保护和非物质文化遗产传承等职能，在区域文化遗产保护与利用中发挥关键作用。,政府机构标准描述：职能+范围+文化遗产职责
江门市文化广电旅游体育局,政府机构,国内-广东,江门市文化广电旅游体育局,12,江门市文化广电旅游体育局是广东文化和旅游事业的主管部门，负责统筹本地区文化事业、文化产业和旅游业发展，组织实施文化资源普查、挖掘和保护工作，指导和管理公共文化服务体系建设，推进文化旅游融合发展，监督管理文化和旅游市场秩序，承担文物保护和非物质文化遗产传承等职能，在区域文化遗产保护与利用中发挥关键作用。,政府机构标准描述：职能+范围+文化遗产职责
湛江市文化广电旅游体育局,政府机构,国内-广东,湛江市文化广电旅游体育局,12,湛江市文化广电旅游体育局是广东文化和旅游事业的主管部门，负责统筹本地区文化事业、文化产业和旅游业发展，组织实施文化资源普查、挖掘和保护工作，指导和管理公共文化服务体系建设，推进文化旅游融合发展，监督管理文化和旅游市场秩序，承担文物保护和非物质文化遗产传承等职能，在区域文化遗产保护与利用中发挥关键作用。,政府机构标准描述：职能+范围+文化遗产职责
茂名市文化广电旅游体育局,政府机构,国内-广东,茂名市文化广电旅游体育局,12,茂名市文化广电旅游体育局是广东文化和旅游事业的主管部门，负责统筹本地区文化事业、文化产业和旅游业发展，组织实施文化资源普查、挖掘和保护工作，指导和管理公共文化服务体系建设，推进文化旅游融合发展，监督管理文化和旅游市场秩序，承担文物保护和非物质文化遗产传承等职能，在区域文化遗产保护与利用中发挥关键作用。,政府机构标准描述：职能+范围+文化遗产职责
肇庆市文化广电旅游体育局,政府机构,国内-广东,肇庆市文化广电旅游体育局,12,肇庆市文化广电旅游体育局是广东文化和旅游事业的主管部门，负责统筹本地区文化事业、文化产业和旅游业发展，组织实施文化资源普查、挖掘和保护工作，指导和管理公共文化服务体系建设，推进文化旅游融合发展，监督管理文化和旅游市场秩序，承担文物保护和非物质文化遗产传承等职能，在区域文化遗产保护与利用中发挥关键作用。,政府机构标准描述：职能+范围+文化遗产职责
惠州市文化广电旅游体育局,政府机构,国内-广东,惠州市文化广电旅游体育局,12,惠州市文化广电旅游体育局是广东文化和旅游事业的主管部门，负责统筹本地区文化事业、文化产业和旅游业发展，组织实施文化资源普查、挖掘和保护工作，指导和管理公共文化服务体系建设，推进文化旅游融合发展，监督管理文化和旅游市场秩序，承担文物保护和非物质文化遗产传承等职能，在区域文化遗产保护与利用中发挥关键作用。,政府机构标准描述：职能+范围+文化遗产职责
梅州市文化广电旅游体育局,政府机构,国内-广东,梅州市文化广电旅游体育局,12,梅州市文化广电旅游体育局是广东文化和旅游事业的主管部门，负责统筹本地区文化事业、文化产业和旅游业发展，组织实施文化资源普查、挖掘和保护工作，指导和管理公共文化服务体系建设，推进文化旅游融合发展，监督管理文化和旅游市场秩序，承担文物保护和非物质文化遗产传承等职能，在区域文化遗产保护与利用中发挥关键作用。,政府机构标准描述：职能+范围+文化遗产职责
汕尾市文化广电旅游体育局,政府机构,国内-广东,汕尾市文化广电旅游体育局,12,汕尾市文化广电旅游体育局是广东文化和旅游事业的主管部门，负责统筹本地区文化事业、文化产业和旅游业发展，组织实施文化资源普查、挖掘和保护工作，指导和管理公共文化服务体系建设，推进文化旅游融合发展，监督管理文化和旅游市场秩序，承担文物保护和非物质文化遗产传承等职能，在区域文化遗产保护与利用中发挥关键作用。,政府机构标准描述：职能+范围+文化遗产职责
河源市文化广电旅游体育局,政府机构,国内-广东,河源市文化广电旅游体育局,12,河源市文化广电旅游体育局是广东文化和旅游事业的主管部门，负责统筹本地区文化事业、文化产业和旅游业发展，组织实施文化资源普查、挖掘和保护工作，指导和管理公共文化服务体系建设，推进文化旅游融合发展，监督管理文化和旅游市场秩序，承担文物保护和非物质文化遗产传承等职能，在区域文化遗产保护与利用中发挥关键作用。,政府机构标准描述：职能+范围+文化遗产职责
阳江市文化广电旅游体育局,政府机构,国内-广东,阳江市文化广电旅游体育局,12,阳江市文化广电旅游体育局是广东文化和旅游事业的主管部门，负责统筹本地区文化事业、文化产业和旅游业发展，组织实施文化资源普查、挖掘和保护工作，指导和管理公共文化服务体系建设，推进文化旅游融合发展，监督管理文化和旅游市场秩序，承担文物保护和非物质文化遗产传承等职能，在区域文化遗产保护与利用中发挥关键作用。,政府机构标准描述：职能+范围+文化遗产职责
清远市文化广电旅游体育局,政府机构,国内-广东,清远市文化广电旅游体育局,12,清远市文化广电旅游体育局是广东文化和旅游事业的主管部门，负责统筹本地区文化事业、文化产业和旅游业发展，组织实施文化资源普查、挖掘和保护工作，指导和管理公共文化服务体系建设，推进文化旅游融合发展，监督管理文化和旅游市场秩序，承担文物保护和非物质文化遗产传承等职能，在区域文化遗产保护与利用中发挥关键作用。,政府机构标准描述：职能+范围+文化遗产职责
韶关市文化广电旅游体育局,政府机构,国内-广东,韶关市文化广电旅游体育局,12,韶关市文化广电旅游体育局是广东文化和旅游事业的主管部门，负责统筹本地区文化事业、文化产业和旅游业发展，组织实施文化资源普查、挖掘和保护工作，指导和管理公共文化服务体系建设，推进文化旅游融合发展，监督管理文化和旅游市场秩序，承担文物保护和非物质文化遗产传承等职能，在区域文化遗产保护与利用中发挥关键作用。,政府机构标准描述：职能+范围+文化遗产职责
揭阳市文化广电旅游体育局,政府机构,国内-广东,揭阳市文化广电旅游体育局,12,揭阳市文化广电旅游体育局是广东文化和旅游事业的主管部门，负责统筹本地区文化事业、文化产业和旅游业发展，组织实施文化资源普查、挖掘和保护工作，指导和管理公共文化服务体系建设，推进文化旅游融合发展，监督管理文化和旅游市场秩序，承担文物保护和非物质文化遗产传承等职能，在区域文化遗产保护与利用中发挥关键作用。,政府机构标准描述：职能+范围+文化遗产职责
潮州市文化广电旅游体育局,政府机构,国内-广东,潮州市文化广电旅游体育局,12,潮州市文化广电旅游体育局是广东文化和旅游事业的主管部门，负责统筹本地区文化事业、文化产业和旅游业发展，组织实施文化资源普查、挖掘和保护工作，指导和管理公共文化服务体系建设，推进文化旅游融合发展，监督管理文化和旅游市场秩序，承担文物保护和非物质文化遗产传承等职能，在区域文化遗产保护与利用中发挥关键作用。,政府机构标准描述：职能+范围+文化遗产职责
云浮市文化广电旅游体育局,政府机构,国内-广东,云浮市文化广电旅游体育局,12,云浮市文化广电旅游体育局是广东文化和旅游事业的主管部门，负责统筹本地区文化事业、文化产业和旅游业发展，组织实施文化资源普查、挖掘和保护工作，指导和管理公共文化服务体系建设，推进文化旅游融合发展，监督管理文化和旅游市场秩序，承担文物保护和非物质文化遗产传承等职能，在区域文化遗产保护与利用中发挥关键作用。,政府机构标准描述：职能+范围+文化遗产职责
无锡市文化广电和旅游局,政府机构,国内-江苏,无锡市文化广电和旅游局,11,无锡市文化广电和旅游局是江苏文化事业和旅游产业的主管部门，承担公共文化服务体系建设、文化艺术创作引导、文物保护利用、非物质文化遗产传承、文化旅游市场监管等核心职能。通过制定政策规划、组织实施重点项目、促进文旅深度融合，推动江苏文化事业繁荣和文化旅游产业高质量发展。,政府文旅部门标准描述
常州市文化广电和旅游局,政府机构,国内-江苏,常州市文化广电和旅游局,11,常州市文化广电和旅游局是江苏文化事业和旅游产业的主管部门，承担公共文化服务体系建设、文化艺术创作引导、文物保护利用、非物质文化遗产传承、文化旅游市场监管等核心职能。通过制定政策规划、组织实施重点项目、促进文旅深度融合，推动江苏文化事业繁荣和文化旅游产业高质量发展。,政府文旅部门标准描述
镇江市文化广电和旅游局,政府机构,国内-江苏,镇江市文化广电和旅游局,11,镇江市文化广电和旅游局是江苏文化事业和旅游产业的主管部门，承担公共文化服务体系建设、文化艺术创作引导、文物保护利用、非物质文化遗产传承、文化旅游市场监管等核心职能。通过制定政策规划、组织实施重点项目、促进文旅深度融合，推动江苏文化事业繁荣和文化旅游产业高质量发展。,政府文旅部门标准描述
扬州市文化广电和旅游局,政府机构,国内-江苏,扬州市文化广电和旅游局,11,扬州市文化广电和旅游局是江苏文化事业和旅游产业的主管部门，承担公共文化服务体系建设、文化艺术创作引导、文物保护利用、非物质文化遗产传承、文化旅游市场监管等核心职能。通过制定政策规划、组织实施重点项目、促进文旅深度融合，推动江苏文化事业繁荣和文化旅游产业高质量发展。,政府文旅部门标准描述
泰州市文化广电和旅游局,政府机构,国内-江苏,泰州市文化广电和旅游局,11,泰州市文化广电和旅游局是江苏文化事业和旅游产业的主管部门，承担公共文化服务体系建设、文化艺术创作引导、文物保护利用、非物质文化遗产传承、文化旅游市场监管等核心职能。通过制定政策规划、组织实施重点项目、促进文旅深度融合，推动江苏文化事业繁荣和文化旅游产业高质量发展。,政府文旅部门标准描述
南通市文化广电和旅游局,政府机构,国内-江苏,南通市文化广电和旅游局,11,南通市文化广电和旅游局是江苏文化事业和旅游产业的主管部门，承担公共文化服务体系建设、文化艺术创作引导、文物保护利用、非物质文化遗产传承、文化旅游市场监管等核心职能。通过制定政策规划、组织实施重点项目、促进文旅深度融合，推动江苏文化事业繁荣和文化旅游产业高质量发展。,政府文旅部门标准描述
盐城市文化广电和旅游局,政府机构,国内-江苏,盐城市文化广电和旅游局,11,盐城市文化广电和旅游局是江苏文化事业和旅游产业的主管部门，承担公共文化服务体系建设、文化艺术创作引导、文物保护利用、非物质文化遗产传承、文化旅游市场监管等核心职能。通过制定政策规划、组织实施重点项目、促进文旅深度融合，推动江苏文化事业繁荣和文化旅游产业高质量发展。,政府文旅部门标准描述
淮安市文化广电和旅游局,政府机构,国内-江苏,淮安市文化广电和旅游局,11,淮安市文化广电和旅游局是江苏文化事业和旅游产业的主管部门，承担公共文化服务体系建设、文化艺术创作引导、文物保护利用、非物质文化遗产传承、文化旅游市场监管等核心职能。通过制定政策规划、组织实施重点项目、促进文旅深度融合，推动江苏文化事业繁荣和文化旅游产业高质量发展。,政府文旅部门标准描述
连云港市文化广电和旅游局,政府机构,国内-江苏,连云港市文化广电和旅游局,12,连云港市文化广电和旅游局是江苏文化事业和旅游产业的主管部门，承担公共文化服务体系建设、文化艺术创作引导、文物保护利用、非物质文化遗产传承、文化旅游市场监管等核心职能。通过制定政策规划、组织实施重点项目、促进文旅深度融合，推动江苏文化事业繁荣和文化旅游产业高质量发展。,政府文旅部门标准描述
徐州市文化广电和旅游局,政府机构,国内-江苏,徐州市文化广电和旅游局,11,徐州市文化广电和旅游局是江苏文化事业和旅游产业的主管部门，承担公共文化服务体系建设、文化艺术创作引导、文物保护利用、非物质文化遗产传承、文化旅游市场监管等核心职能。通过制定政策规划、组织实施重点项目、促进文旅深度融合，推动江苏文化事业繁荣和文化旅游产业高质量发展。,政府文旅部门标准描述
宿迁市文化广电和旅游局,政府机构,国内-江苏,宿迁市文化广电和旅游局,11,宿迁市文化广电和旅游局是江苏文化事业和旅游产业的主管部门，承担公共文化服务体系建设、文化艺术创作引导、文物保护利用、非物质文化遗产传承、文化旅游市场监管等核心职能。通过制定政策规划、组织实施重点项目、促进文旅深度融合，推动江苏文化事业繁荣和文化旅游产业高质量发展。,政府文旅部门标准描述
杭州市文化广电旅游局,政府机构,国内-浙江,杭州市文化广电旅游局,10,杭州市文化广电旅游局是浙江文化和旅游事业的主管部门，负责统筹本地区文化事业、文化产业和旅游业发展，组织实施文化资源普查、挖掘和保护工作，指导和管理公共文化服务体系建设，推进文化旅游融合发展，监督管理文化和旅游市场秩序，承担文物保护和非物质文化遗产传承等职能，在区域文化遗产保护与利用中发挥关键作用。,政府机构标准描述：职能+范围+文化遗产职责
宁波市文化广电旅游局,政府机构,国内-浙江,宁波市文化广电旅游局,10,宁波市文化广电旅游局是浙江文化和旅游事业的主管部门，负责统筹本地区文化事业、文化产业和旅游业发展，组织实施文化资源普查、挖掘和保护工作，指导和管理公共文化服务体系建设，推进文化旅游融合发展，监督管理文化和旅游市场秩序，承担文物保护和非物质文化遗产传承等职能，在区域文化遗产保护与利用中发挥关键作用。,政府机构标准描述：职能+范围+文化遗产职责
温州市文化广电旅游局,政府机构,国内-浙江,温州市文化广电旅游局,10,温州市文化广电旅游局是浙江文化和旅游事业的主管部门，负责统筹本地区文化事业、文化产业和旅游业发展，组织实施文化资源普查、挖掘和保护工作，指导和管理公共文化服务体系建设，推进文化旅游融合发展，监督管理文化和旅游市场秩序，承担文物保护和非物质文化遗产传承等职能，在区域文化遗产保护与利用中发挥关键作用。,政府机构标准描述：职能+范围+文化遗产职责
嘉兴市文化广电旅游局,政府机构,国内-浙江,嘉兴市文化广电旅游局,10,嘉兴市文化广电旅游局是浙江文化和旅游事业的主管部门，负责统筹本地区文化事业、文化产业和旅游业发展，组织实施文化资源普查、挖掘和保护工作，指导和管理公共文化服务体系建设，推进文化旅游融合发展，监督管理文化和旅游市场秩序，承担文物保护和非物质文化遗产传承等职能，在区域文化遗产保护与利用中发挥关键作用。,政府机构标准描述：职能+范围+文化遗产职责
湖州市文化广电旅游局,政府机构,国内-浙江,湖州市文化广电旅游局,10,湖州市文化广电旅游局是浙江文化和旅游事业的主管部门，负责统筹本地区文化事业、文化产业和旅游业发展，组织实施文化资源普查、挖掘和保护工作，指导和管理公共文化服务体系建设，推进文化旅游融合发展，监督管理文化和旅游市场秩序，承担文物保护和非物质文化遗产传承等职能，在区域文化遗产保护与利用中发挥关键作用。,政府机构标准描述：职能+范围+文化遗产职责
绍兴市文化广电旅游局,政府机构,国内-浙江,绍兴市文化广电旅游局,10,绍兴市文化广电旅游局是浙江文化和旅游事业的主管部门，负责统筹本地区文化事业、文化产业和旅游业发展，组织实施文化资源普查、挖掘和保护工作，指导和管理公共文化服务体系建设，推进文化旅游融合发展，监督管理文化和旅游市场秩序，承担文物保护和非物质文化遗产传承等职能，在区域文化遗产保护与利用中发挥关键作用。,政府机构标准描述：职能+范围+文化遗产职责
金华市文化广电旅游局,政府机构,国内-浙江,金华市文化广电旅游局,10,金华市文化广电旅游局是浙江文化和旅游事业的主管部门，负责统筹本地区文化事业、文化产业和旅游业发展，组织实施文化资源普查、挖掘和保护工作，指导和管理公共文化服务体系建设，推进文化旅游融合发展，监督管理文化和旅游市场秩序，承担文物保护和非物质文化遗产传承等职能，在区域文化遗产保护与利用中发挥关键作用。,政府机构标准描述：职能+范围+文化遗产职责
衢州市文化广电旅游局,政府机构,国内-浙江,衢州市文化广电旅游局,10,衢州市文化广电旅游局是浙江文化和旅游事业的主管部门，负责统筹本地区文化事业、文化产业和旅游业发展，组织实施文化资源普查、挖掘和保护工作，指导和管理公共文化服务体系建设，推进文化旅游融合发展，监督管理文化和旅游市场秩序，承担文物保护和非物质文化遗产传承等职能，在区域文化遗产保护与利用中发挥关键作用。,政府机构标准描述：职能+范围+文化遗产职责
舟山市文化广电旅游局,政府机构,国内-浙江,舟山市文化广电旅游局,10,舟山市文化广电旅游局是浙江文化和旅游事业的主管部门，负责统筹本地区文化事业、文化产业和旅游业发展，组织实施文化资源普查、挖掘和保护工作，指导和管理公共文化服务体系建设，推进文化旅游融合发展，监督管理文化和旅游市场秩序，承担文物保护和非物质文化遗产传承等职能，在区域文化遗产保护与利用中发挥关键作用。,政府机构标准描述：职能+范围+文化遗产职责
台州市文化广电旅游局,政府机构,国内-浙江,台州市文化广电旅游局,10,台州市文化广电旅游局是浙江文化和旅游事业的主管部门，负责统筹本地区文化事业、文化产业和旅游业发展，组织实施文化资源普查、挖掘和保护工作，指导和管理公共文化服务体系建设，推进文化旅游融合发展，监督管理文化和旅游市场秩序，承担文物保护和非物质文化遗产传承等职能，在区域文化遗产保护与利用中发挥关键作用。,政府机构标准描述：职能+范围+文化遗产职责
丽水市文化广电旅游局,政府机构,国内-浙江,丽水市文化广电旅游局,10,丽水市文化广电旅游局是浙江文化和旅游事业的主管部门，负责统筹本地区文化事业、文化产业和旅游业发展，组织实施文化资源普查、挖掘和保护工作，指导和管理公共文化服务体系建设，推进文化旅游融合发展，监督管理文化和旅游市场秩序，承担文物保护和非物质文化遗产传承等职能，在区域文化遗产保护与利用中发挥关键作用。,政府机构标准描述：职能+范围+文化遗产职责
承德市文物局,政府机构,国内-河北,承德市文物局官方网站,10,承德市文物局是河北文物保护和管理的专门机构，负责本地区不可移动文物普查登记、文物保护单位监督管理、考古发掘项目管理、可移动文物收藏保护及博物馆事业指导等工作。依法查处文物违法行为，组织实施文物安全防范工程，推动文物合理利用与活化展示，是区域性文化遗产保护的核心力量。,文物局标准描述：职能+区域+文保职责
唐山市文化广电和旅游局,政府机构,国内-河北,未找到独立文物局网站,10,唐山市文化广电和旅游局是河北文化事业和旅游产业的主管部门，承担公共文化服务体系建设、文化艺术创作引导、文物保护利用、非物质文化遗产传承、文化旅游市场监管等核心职能。通过制定政策规划、组织实施重点项目、促进文旅深度融合，推动河北文化事业繁荣和文化旅游产业高质量发展。,政府文旅部门标准描述
大同市文物局,政府机构,国内-山西,未找到独立文物局网站,10,大同市文物局是山西文物保护和管理的专门机构，负责本地区不可移动文物普查登记、文物保护单位监督管理、考古发掘项目管理、可移动文物收藏保护及博物馆事业指导等工作。依法查处文物违法行为，组织实施文物安全防范工程，推动文物合理利用与活化展示，是区域性文化遗产保护的核心力量。,文物局标准描述：职能+区域+文保职责
运城市文物局,政府机构,国内-山西,未找到独立文物局网站,10,运城市文物局是山西文物保护和管理的专门机构，负责本地区不可移动文物普查登记、文物保护单位监督管理、考古发掘项目管理、可移动文物收藏保护及博物馆事业指导等工作。依法查处文物违法行为，组织实施文物安全防范工程，推动文物合理利用与活化展示，是区域性文化遗产保护的核心力量。,文物局标准描述：职能+区域+文保职责
晋中市文物局,政府机构,国内-山西,未找到独立文物局网站,10,晋中市文物局是山西文物保护和管理的专门机构，负责本地区不可移动文物普查登记、文物保护单位监督管理、考古发掘项目管理、可移动文物收藏保护及博物馆事业指导等工作。依法查处文物违法行为，组织实施文物安全防范工程，推动文物合理利用与活化展示，是区域性文化遗产保护的核心力量。,文物局标准描述：职能+区域+文保职责
长治市文物局,政府机构,国内-山西,未找到独立文物局网站,10,长治市文物局是山西文物保护和管理的专门机构，负责本地区不可移动文物普查登记、文物保护单位监督管理、考古发掘项目管理、可移动文物收藏保护及博物馆事业指导等工作。依法查处文物违法行为，组织实施文物安全防范工程，推动文物合理利用与活化展示，是区域性文化遗产保护的核心力量。,文物局标准描述：职能+区域+文保职责
晋城市文物局,政府机构,国内-山西,未找到独立文物局网站,10,晋城市文物局是山西文物保护和管理的专门机构，负责本地区不可移动文物普查登记、文物保护单位监督管理、考古发掘项目管理、可移动文物收藏保护及博物馆事业指导等工作。依法查处文物违法行为，组织实施文物安全防范工程，推动文物合理利用与活化展示，是区域性文化遗产保护的核心力量。,文物局标准描述：职能+区域+文保职责
忻州市文物局,政府机构,国内-山西,未找到独立文物局网站,10,忻州市文物局是山西文物保护和管理的专门机构，负责本地区不可移动文物普查登记、文物保护单位监督管理、考古发掘项目管理、可移动文物收藏保护及博物馆事业指导等工作。依法查处文物违法行为，组织实施文物安全防范工程，推动文物合理利用与活化展示，是区域性文化遗产保护的核心力量。,文物局标准描述：职能+区域+文保职责
临汾市文物局,政府机构,国内-山西,未找到独立文物局网站,10,临汾市文物局是山西文物保护和管理的专门机构，负责本地区不可移动文物普查登记、文物保护单位监督管理、考古发掘项目管理、可移动文物收藏保护及博物馆事业指导等工作。依法查处文物违法行为，组织实施文物安全防范工程，推动文物合理利用与活化展示，是区域性文化遗产保护的核心力量。,文物局标准描述：职能+区域+文保职责
吕梁市文物局,政府机构,国内-山西,未找到独立文物局网站,10,吕梁市文物局是山西文物保护和管理的专门机构，负责本地区不可移动文物普查登记、文物保护单位监督管理、考古发掘项目管理、可移动文物收藏保护及博物馆事业指导等工作。依法查处文物违法行为，组织实施文物安全防范工程，推动文物合理利用与活化展示，是区域性文化遗产保护的核心力量。,文物局标准描述：职能+区域+文保职责
朔州市文物局,政府机构,国内-山西,未找到独立文物局网站,10,朔州市文物局是山西文物保护和管理的专门机构，负责本地区不可移动文物普查登记、文物保护单位监督管理、考古发掘项目管理、可移动文物收藏保护及博物馆事业指导等工作。依法查处文物违法行为，组织实施文物安全防范工程，推动文物合理利用与活化展示，是区域性文化遗产保护的核心力量。,文物局标准描述：职能+区域+文保职责
阳泉市文物局,政府机构,国内-山西,未找到独立文物局网站,10,阳泉市文物局是山西文物保护和管理的专门机构，负责本地区不可移动文物普查登记、文物保护单位监督管理、考古发掘项目管理、可移动文物收藏保护及博物馆事业指导等工作。依法查处文物违法行为，组织实施文物安全防范工程，推动文物合理利用与活化展示，是区域性文化遗产保护的核心力量。,文物局标准描述：职能+区域+文保职责
长春市文化广播电视和旅游局,政府机构,国内-吉林,未找到独立文物局网站,10,长春市文化广播电视和旅游局是吉林文化事业和旅游产业的主管部门，承担公共文化服务体系建设、文化艺术创作引导、文物保护利用、非物质文化遗产传承、文化旅游市场监管等核心职能。通过制定政策规划、组织实施重点项目、促进文旅深度融合，推动吉林文化事业繁荣和文化旅游产业高质量发展。,政府文旅部门标准描述
吉林市文化广播电视和旅游局,政府机构,国内-吉林,未找到独立文物局网站,10,吉林市文化广播电视和旅游局是吉林文化事业和旅游产业的主管部门，承担公共文化服务体系建设、文化艺术创作引导、文物保护利用、非物质文化遗产传承、文化旅游市场监管等核心职能。通过制定政策规划、组织实施重点项目、促进文旅深度融合，推动吉林文化事业繁荣和文化旅游产业高质量发展。,政府文旅部门标准描述
四平市文物局,政府机构,国内-吉林,未找到独立文物局网站,10,四平市文物局是吉林文物保护和管理的专门机构，负责本地区不可移动文物普查登记、文物保护单位监督管理、考古发掘项目管理、可移动文物收藏保护及博物馆事业指导等工作。依法查处文物违法行为，组织实施文物安全防范工程，推动文物合理利用与活化展示，是区域性文化遗产保护的核心力量。,文物局标准描述：职能+区域+文保职责
辽源市文物局,政府机构,国内-吉林,未找到独立文物局网站,10,辽源市文物局是吉林文物保护和管理的专门机构，负责本地区不可移动文物普查登记、文物保护单位监督管理、考古发掘项目管理、可移动文物收藏保护及博物馆事业指导等工作。依法查处文物违法行为，组织实施文物安全防范工程，推动文物合理利用与活化展示，是区域性文化遗产保护的核心力量。,文物局标准描述：职能+区域+文保职责
通化市文物局,政府机构,国内-吉林,未找到独立文物局网站,10,通化市文物局是吉林文物保护和管理的专门机构，负责本地区不可移动文物普查登记、文物保护单位监督管理、考古发掘项目管理、可移动文物收藏保护及博物馆事业指导等工作。依法查处文物违法行为，组织实施文物安全防范工程，推动文物合理利用与活化展示，是区域性文化遗产保护的核心力量。,文物局标准描述：职能+区域+文保职责
白山市文物局,政府机构,国内-吉林,未找到独立文物局网站,10,白山市文物局是吉林文物保护和管理的专门机构，负责本地区不可移动文物普查登记、文物保护单位监督管理、考古发掘项目管理、可移动文物收藏保护及博物馆事业指导等工作。依法查处文物违法行为，组织实施文物安全防范工程，推动文物合理利用与活化展示，是区域性文化遗产保护的核心力量。,文物局标准描述：职能+区域+文保职责
松原市文物局,政府机构,国内-吉林,未找到独立文物局网站,10,松原市文物局是吉林文物保护和管理的专门机构，负责本地区不可移动文物普查登记、文物保护单位监督管理、考古发掘项目管理、可移动文物收藏保护及博物馆事业指导等工作。依法查处文物违法行为，组织实施文物安全防范工程，推动文物合理利用与活化展示，是区域性文化遗产保护的核心力量。,文物局标准描述：职能+区域+文保职责
白城市文物局,政府机构,国内-吉林,未找到独立文物局网站,10,白城市文物局是吉林文物保护和管理的专门机构，负责本地区不可移动文物普查登记、文物保护单位监督管理、考古发掘项目管理、可移动文物收藏保护及博物馆事业指导等工作。依法查处文物违法行为，组织实施文物安全防范工程，推动文物合理利用与活化展示，是区域性文化遗产保护的核心力量。,文物局标准描述：职能+区域+文保职责
延边州文物局,政府机构,国内-吉林,未找到独立文物局网站,10,延边州文物局是吉林文物保护和管理的专门机构，负责本地区不可移动文物普查登记、文物保护单位监督管理、考古发掘项目管理、可移动文物收藏保护及博物馆事业指导等工作。依法查处文物违法行为，组织实施文物安全防范工程，推动文物合理利用与活化展示，是区域性文化遗产保护的核心力量。,文物局标准描述：职能+区域+文保职责
芜湖市文物局,政府机构,国内-安徽,未找到独立文物局网站,10,芜湖市文物局是安徽文物保护和管理的专门机构，负责本地区不可移动文物普查登记、文物保护单位监督管理、考古发掘项目管理、可移动文物收藏保护及博物馆事业指导等工作。依法查处文物违法行为，组织实施文物安全防范工程，推动文物合理利用与活化展示，是区域性文化遗产保护的核心力量。,文物局标准描述：职能+区域+文保职责
蚌埠市文物局,政府机构,国内-安徽,未找到独立文物局网站,10,蚌埠市文物局是安徽文物保护和管理的专门机构，负责本地区不可移动文物普查登记、文物保护单位监督管理、考古发掘项目管理、可移动文物收藏保护及博物馆事业指导等工作。依法查处文物违法行为，组织实施文物安全防范工程，推动文物合理利用与活化展示，是区域性文化遗产保护的核心力量。,文物局标准描述：职能+区域+文保职责
淮南市文物局,政府机构,国内-安徽,未找到独立文物局网站,10,淮南市文物局是安徽文物保护和管理的专门机构，负责本地区不可移动文物普查登记、文物保护单位监督管理、考古发掘项目管理、可移动文物收藏保护及博物馆事业指导等工作。依法查处文物违法行为，组织实施文物安全防范工程，推动文物合理利用与活化展示，是区域性文化遗产保护的核心力量。,文物局标准描述：职能+区域+文保职责
马鞍山市文物局,政府机构,国内-安徽,未找到独立文物局网站,10,马鞍山市文物局是安徽文物保护和管理的专门机构，负责本地区不可移动文物普查登记、文物保护单位监督管理、考古发掘项目管理、可移动文物收藏保护及博物馆事业指导等工作。依法查处文物违法行为，组织实施文物安全防范工程，推动文物合理利用与活化展示，是区域性文化遗产保护的核心力量。,文物局标准描述：职能+区域+文保职责
淮北市文物局,政府机构,国内-安徽,未找到独立文物局网站,10,淮北市文物局是安徽文物保护和管理的专门机构，负责本地区不可移动文物普查登记、文物保护单位监督管理、考古发掘项目管理、可移动文物收藏保护及博物馆事业指导等工作。依法查处文物违法行为，组织实施文物安全防范工程，推动文物合理利用与活化展示，是区域性文化遗产保护的核心力量。,文物局标准描述：职能+区域+文保职责
铜陵市文物局,政府机构,国内-安徽,未找到独立文物局网站,10,铜陵市文物局是安徽文物保护和管理的专门机构，负责本地区不可移动文物普查登记、文物保护单位监督管理、考古发掘项目管理、可移动文物收藏保护及博物馆事业指导等工作。依法查处文物违法行为，组织实施文物安全防范工程，推动文物合理利用与活化展示，是区域性文化遗产保护的核心力量。,文物局标准描述：职能+区域+文保职责
安庆市文物局,政府机构,国内-安徽,未找到独立文物局网站,10,安庆市文物局是安徽文物保护和管理的专门机构，负责本地区不可移动文物普查登记、文物保护单位监督管理、考古发掘项目管理、可移动文物收藏保护及博物馆事业指导等工作。依法查处文物违法行为，组织实施文物安全防范工程，推动文物合理利用与活化展示，是区域性文化遗产保护的核心力量。,文物局标准描述：职能+区域+文保职责
黄山市文物局,政府机构,国内-安徽,未找到独立文物局网站,10,黄山市文物局是安徽文物保护和管理的专门机构，负责本地区不可移动文物普查登记、文物保护单位监督管理、考古发掘项目管理、可移动文物收藏保护及博物馆事业指导等工作。依法查处文物违法行为，组织实施文物安全防范工程，推动文物合理利用与活化展示，是区域性文化遗产保护的核心力量。,文物局标准描述：职能+区域+文保职责
滁州市文物局,政府机构,国内-安徽,未找到独立文物局网站,10,滁州市文物局是安徽文物保护和管理的专门机构，负责本地区不可移动文物普查登记、文物保护单位监督管理、考古发掘项目管理、可移动文物收藏保护及博物馆事业指导等工作。依法查处文物违法行为，组织实施文物安全防范工程，推动文物合理利用与活化展示，是区域性文化遗产保护的核心力量。,文物局标准描述：职能+区域+文保职责
阜阳市文物局,政府机构,国内-安徽,未找到独立文物局网站,10,阜阳市文物局是安徽文物保护和管理的专门机构，负责本地区不可移动文物普查登记、文物保护单位监督管理、考古发掘项目管理、可移动文物收藏保护及博物馆事业指导等工作。依法查处文物违法行为，组织实施文物安全防范工程，推动文物合理利用与活化展示，是区域性文化遗产保护的核心力量。,文物局标准描述：职能+区域+文保职责
宿州市文物局,政府机构,国内-安徽,未找到独立文物局网站,10,宿州市文物局是安徽文物保护和管理的专门机构，负责本地区不可移动文物普查登记、文物保护单位监督管理、考古发掘项目管理、可移动文物收藏保护及博物馆事业指导等工作。依法查处文物违法行为，组织实施文物安全防范工程，推动文物合理利用与活化展示，是区域性文化遗产保护的核心力量。,文物局标准描述：职能+区域+文保职责
六安市文物局,政府机构,国内-安徽,未找到独立文物局网站,10,六安市文物局是安徽文物保护和管理的专门机构，负责本地区不可移动文物普查登记、文物保护单位监督管理、考古发掘项目管理、可移动文物收藏保护及博物馆事业指导等工作。依法查处文物违法行为，组织实施文物安全防范工程，推动文物合理利用与活化展示，是区域性文化遗产保护的核心力量。,文物局标准描述：职能+区域+文保职责
亳州市文物局,政府机构,国内-安徽,未找到独立文物局网站,10,亳州市文物局是安徽文物保护和管理的专门机构，负责本地区不可移动文物普查登记、文物保护单位监督管理、考古发掘项目管理、可移动文物收藏保护及博物馆事业指导等工作。依法查处文物违法行为，组织实施文物安全防范工程，推动文物合理利用与活化展示，是区域性文化遗产保护的核心力量。,文物局标准描述：职能+区域+文保职责
池州市文物局,政府机构,国内-安徽,未找到独立文物局网站,10,池州市文物局是安徽文物保护和管理的专门机构，负责本地区不可移动文物普查登记、文物保护单位监督管理、考古发掘项目管理、可移动文物收藏保护及博物馆事业指导等工作。依法查处文物违法行为，组织实施文物安全防范工程，推动文物合理利用与活化展示，是区域性文化遗产保护的核心力量。,文物局标准描述：职能+区域+文保职责
宣城市文物局,政府机构,国内-安徽,未找到独立文物局网站,10,宣城市文物局是安徽文物保护和管理的专门机构，负责本地区不可移动文物普查登记、文物保护单位监督管理、考古发掘项目管理、可移动文物收藏保护及博物馆事业指导等工作。依法查处文物违法行为，组织实施文物安全防范工程，推动文物合理利用与活化展示，是区域性文化遗产保护的核心力量。,文物局标准描述：职能+区域+文保职责
福建省文物局,政府机构,国内-福建,福建省文物局官方网站,10,福建省文物局是福建文物保护和管理的专门机构，负责本地区不可移动文物普查登记、文物保护单位监督管理、考古发掘项目管理、可移动文物收藏保护及博物馆事业指导等工作。依法查处文物违法行为，组织实施文物安全防范工程，推动文物合理利用与活化展示，是区域性文化遗产保护的核心力量。,文物局标准描述：职能+区域+文保职责
福州市文物局,政府机构,国内-福建,未找到独立文物局网站,10,福州市文物局是福建文物保护和管理的专门机构，负责本地区不可移动文物普查登记、文物保护单位监督管理、考古发掘项目管理、可移动文物收藏保护及博物馆事业指导等工作。依法查处文物违法行为，组织实施文物安全防范工程，推动文物合理利用与活化展示，是区域性文化遗产保护的核心力量。,文物局标准描述：职能+区域+文保职责
厦门市文物局,政府机构,国内-福建,未找到独立文物局网站,10,厦门市文物局是福建文物保护和管理的专门机构，负责本地区不可移动文物普查登记、文物保护单位监督管理、考古发掘项目管理、可移动文物收藏保护及博物馆事业指导等工作。依法查处文物违法行为，组织实施文物安全防范工程，推动文物合理利用与活化展示，是区域性文化遗产保护的核心力量。,文物局标准描述：职能+区域+文保职责
漳州市文物局,政府机构,国内-福建,未找到独立文物局网站,10,漳州市文物局是福建文物保护和管理的专门机构，负责本地区不可移动文物普查登记、文物保护单位监督管理、考古发掘项目管理、可移动文物收藏保护及博物馆事业指导等工作。依法查处文物违法行为，组织实施文物安全防范工程，推动文物合理利用与活化展示，是区域性文化遗产保护的核心力量。,文物局标准描述：职能+区域+文保职责
泉州市文物局,政府机构,国内-福建,未找到独立文物局网站,10,泉州市文物局是福建文物保护和管理的专门机构，负责本地区不可移动文物普查登记、文物保护单位监督管理、考古发掘项目管理、可移动文物收藏保护及博物馆事业指导等工作。依法查处文物违法行为，组织实施文物安全防范工程，推动文物合理利用与活化展示，是区域性文化遗产保护的核心力量。,文物局标准描述：职能+区域+文保职责
三明市文物局,政府机构,国内-福建,未找到独立文物局网站,10,三明市文物局是福建文物保护和管理的专门机构，负责本地区不可移动文物普查登记、文物保护单位监督管理、考古发掘项目管理、可移动文物收藏保护及博物馆事业指导等工作。依法查处文物违法行为，组织实施文物安全防范工程，推动文物合理利用与活化展示，是区域性文化遗产保护的核心力量。,文物局标准描述：职能+区域+文保职责
莆田市文物局,政府机构,国内-福建,未找到独立文物局网站,10,莆田市文物局是福建文物保护和管理的专门机构，负责本地区不可移动文物普查登记、文物保护单位监督管理、考古发掘项目管理、可移动文物收藏保护及博物馆事业指导等工作。依法查处文物违法行为，组织实施文物安全防范工程，推动文物合理利用与活化展示，是区域性文化遗产保护的核心力量。,文物局标准描述：职能+区域+文保职责
南平市文物局,政府机构,国内-福建,未找到独立文物局网站,10,南平市文物局是福建文物保护和管理的专门机构，负责本地区不可移动文物普查登记、文物保护单位监督管理、考古发掘项目管理、可移动文物收藏保护及博物馆事业指导等工作。依法查处文物违法行为，组织实施文物安全防范工程，推动文物合理利用与活化展示，是区域性文化遗产保护的核心力量。,文物局标准描述：职能+区域+文保职责
龙岩市文物局,政府机构,国内-福建,未找到独立文物局网站,10,龙岩市文物局是福建文物保护和管理的专门机构，负责本地区不可移动文物普查登记、文物保护单位监督管理、考古发掘项目管理、可移动文物收藏保护及博物馆事业指导等工作。依法查处文物违法行为，组织实施文物安全防范工程，推动文物合理利用与活化展示，是区域性文化遗产保护的核心力量。,文物局标准描述：职能+区域+文保职责
宁德市文物局,政府机构,国内-福建,未找到独立文物局网站,10,宁德市文物局是福建文物保护和管理的专门机构，负责本地区不可移动文物普查登记、文物保护单位监督管理、考古发掘项目管理、可移动文物收藏保护及博物馆事业指导等工作。依法查处文物违法行为，组织实施文物安全防范工程，推动文物合理利用与活化展示，是区域性文化遗产保护的核心力量。,文物局标准描述：职能+区域+文保职责
南昌市文物局,政府机构,国内-江西,未找到独立文物局网站,10,南昌市文物局是江西文物保护和管理的专门机构，负责本地区不可移动文物普查登记、文物保护单位监督管理、考古发掘项目管理、可移动文物收藏保护及博物馆事业指导等工作。依法查处文物违法行为，组织实施文物安全防范工程，推动文物合理利用与活化展示，是区域性文化遗产保护的核心力量。,文物局标准描述：职能+区域+文保职责
景德镇市文物局,政府机构,国内-江西,未找到独立文物局网站,10,景德镇市文物局是江西文物保护和管理的专门机构，负责本地区不可移动文物普查登记、文物保护单位监督管理、考古发掘项目管理、可移动文物收藏保护及博物馆事业指导等工作。依法查处文物违法行为，组织实施文物安全防范工程，推动文物合理利用与活化展示，是区域性文化遗产保护的核心力量。,文物局标准描述：职能+区域+文保职责
萍乡市文物局,政府机构,国内-江西,未找到独立文物局网站,10,萍乡市文物局是江西文物保护和管理的专门机构，负责本地区不可移动文物普查登记、文物保护单位监督管理、考古发掘项目管理、可移动文物收藏保护及博物馆事业指导等工作。依法查处文物违法行为，组织实施文物安全防范工程，推动文物合理利用与活化展示，是区域性文化遗产保护的核心力量。,文物局标准描述：职能+区域+文保职责
九江市文物局,政府机构,国内-江西,未找到独立文物局网站,10,九江市文物局是江西文物保护和管理的专门机构，负责本地区不可移动文物普查登记、文物保护单位监督管理、考古发掘项目管理、可移动文物收藏保护及博物馆事业指导等工作。依法查处文物违法行为，组织实施文物安全防范工程，推动文物合理利用与活化展示，是区域性文化遗产保护的核心力量。,文物局标准描述：职能+区域+文保职责
新余市文物局,政府机构,国内-江西,未找到独立文物局网站,10,新余市文物局是江西文物保护和管理的专门机构，负责本地区不可移动文物普查登记、文物保护单位监督管理、考古发掘项目管理、可移动文物收藏保护及博物馆事业指导等工作。依法查处文物违法行为，组织实施文物安全防范工程，推动文物合理利用与活化展示，是区域性文化遗产保护的核心力量。,文物局标准描述：职能+区域+文保职责
鹰潭市文物局,政府机构,国内-江西,未找到独立文物局网站,10,鹰潭市文物局是江西文物保护和管理的专门机构，负责本地区不可移动文物普查登记、文物保护单位监督管理、考古发掘项目管理、可移动文物收藏保护及博物馆事业指导等工作。依法查处文物违法行为，组织实施文物安全防范工程，推动文物合理利用与活化展示，是区域性文化遗产保护的核心力量。,文物局标准描述：职能+区域+文保职责
赣州市文物局,政府机构,国内-江西,未找到独立文物局网站,10,赣州市文物局是江西文物保护和管理的专门机构，负责本地区不可移动文物普查登记、文物保护单位监督管理、考古发掘项目管理、可移动文物收藏保护及博物馆事业指导等工作。依法查处文物违法行为，组织实施文物安全防范工程，推动文物合理利用与活化展示，是区域性文化遗产保护的核心力量。,文物局标准描述：职能+区域+文保职责
吉安市文物局,政府机构,国内-江西,未找到独立文物局网站,10,吉安市文物局是江西文物保护和管理的专门机构，负责本地区不可移动文物普查登记、文物保护单位监督管理、考古发掘项目管理、可移动文物收藏保护及博物馆事业指导等工作。依法查处文物违法行为，组织实施文物安全防范工程，推动文物合理利用与活化展示，是区域性文化遗产保护的核心力量。,文物局标准描述：职能+区域+文保职责
宜春市文物局,政府机构,国内-江西,未找到独立文物局网站,10,宜春市文物局是江西文物保护和管理的专门机构，负责本地区不可移动文物普查登记、文物保护单位监督管理、考古发掘项目管理、可移动文物收藏保护及博物馆事业指导等工作。依法查处文物违法行为，组织实施文物安全防范工程，推动文物合理利用与活化展示，是区域性文化遗产保护的核心力量。,文物局标准描述：职能+区域+文保职责
抚州市文物局,政府机构,国内-江西,未找到独立文物局网站,10,抚州市文物局是江西文物保护和管理的专门机构，负责本地区不可移动文物普查登记、文物保护单位监督管理、考古发掘项目管理、可移动文物收藏保护及博物馆事业指导等工作。依法查处文物违法行为，组织实施文物安全防范工程，推动文物合理利用与活化展示，是区域性文化遗产保护的核心力量。,文物局标准描述：职能+区域+文保职责
上饶市文物局,政府机构,国内-江西,未找到独立文物局网站,10,上饶市文物局是江西文物保护和管理的专门机构，负责本地区不可移动文物普查登记、文物保护单位监督管理、考古发掘项目管理、可移动文物收藏保护及博物馆事业指导等工作。依法查处文物违法行为，组织实施文物安全防范工程，推动文物合理利用与活化展示，是区域性文化遗产保护的核心力量。,文物局标准描述：职能+区域+文保职责
河南省文物局,政府机构,国内-河南,河南省文物局官方网站,10,河南省文物局是河南文物保护和管理的专门机构，负责本地区不可移动文物普查登记、文物保护单位监督管理、考古发掘项目管理、可移动文物收藏保护及博物馆事业指导等工作。依法查处文物违法行为，组织实施文物安全防范工程，推动文物合理利用与活化展示，是区域性文化遗产保护的核心力量。,文物局标准描述：职能+区域+文保职责
郑州市文物局,政府机构,国内-河南,未找到独立文物局网站,10,郑州市文物局是河南文物保护和管理的专门机构，负责本地区不可移动文物普查登记、文物保护单位监督管理、考古发掘项目管理、可移动文物收藏保护及博物馆事业指导等工作。依法查处文物违法行为，组织实施文物安全防范工程，推动文物合理利用与活化展示，是区域性文化遗产保护的核心力量。,文物局标准描述：职能+区域+文保职责
开封市文物局,政府机构,国内-河南,未找到独立文物局网站,10,开封市文物局是河南文物保护和管理的专门机构，负责本地区不可移动文物普查登记、文物保护单位监督管理、考古发掘项目管理、可移动文物收藏保护及博物馆事业指导等工作。依法查处文物违法行为，组织实施文物安全防范工程，推动文物合理利用与活化展示，是区域性文化遗产保护的核心力量。,文物局标准描述：职能+区域+文保职责
洛阳市文物局,政府机构,国内-河南,未找到独立文物局网站,10,洛阳市文物局是河南文物保护和管理的专门机构，负责本地区不可移动文物普查登记、文物保护单位监督管理、考古发掘项目管理、可移动文物收藏保护及博物馆事业指导等工作。依法查处文物违法行为，组织实施文物安全防范工程，推动文物合理利用与活化展示，是区域性文化遗产保护的核心力量。,文物局标准描述：职能+区域+文保职责
平顶山市文物局,政府机构,国内-河南,未找到独立文物局网站,10,平顶山市文物局是河南文物保护和管理的专门机构，负责本地区不可移动文物普查登记、文物保护单位监督管理、考古发掘项目管理、可移动文物收藏保护及博物馆事业指导等工作。依法查处文物违法行为，组织实施文物安全防范工程，推动文物合理利用与活化展示，是区域性文化遗产保护的核心力量。,文物局标准描述：职能+区域+文保职责
安阳市文物局,政府机构,国内-河南,未找到独立文物局网站,10,安阳市文物局是河南文物保护和管理的专门机构，负责本地区不可移动文物普查登记、文物保护单位监督管理、考古发掘项目管理、可移动文物收藏保护及博物馆事业指导等工作。依法查处文物违法行为，组织实施文物安全防范工程，推动文物合理利用与活化展示，是区域性文化遗产保护的核心力量。,文物局标准描述：职能+区域+文保职责
鹤壁市文物局,政府机构,国内-河南,未找到独立文物局网站,10,鹤壁市文物局是河南文物保护和管理的专门机构，负责本地区不可移动文物普查登记、文物保护单位监督管理、考古发掘项目管理、可移动文物收藏保护及博物馆事业指导等工作。依法查处文物违法行为，组织实施文物安全防范工程，推动文物合理利用与活化展示，是区域性文化遗产保护的核心力量。,文物局标准描述：职能+区域+文保职责
新乡市文物局,政府机构,国内-河南,未找到独立文物局网站,10,新乡市文物局是河南文物保护和管理的专门机构，负责本地区不可移动文物普查登记、文物保护单位监督管理、考古发掘项目管理、可移动文物收藏保护及博物馆事业指导等工作。依法查处文物违法行为，组织实施文物安全防范工程，推动文物合理利用与活化展示，是区域性文化遗产保护的核心力量。,文物局标准描述：职能+区域+文保职责
焦作市文物局,政府机构,国内-河南,未找到独立文物局网站,10,焦作市文物局是河南文物保护和管理的专门机构，负责本地区不可移动文物普查登记、文物保护单位监督管理、考古发掘项目管理、可移动文物收藏保护及博物馆事业指导等工作。依法查处文物违法行为，组织实施文物安全防范工程，推动文物合理利用与活化展示，是区域性文化遗产保护的核心力量。,文物局标准描述：职能+区域+文保职责
濮阳市文物局,政府机构,国内-河南,未找到独立文物局网站,10,濮阳市文物局是河南文物保护和管理的专门机构，负责本地区不可移动文物普查登记、文物保护单位监督管理、考古发掘项目管理、可移动文物收藏保护及博物馆事业指导等工作。依法查处文物违法行为，组织实施文物安全防范工程，推动文物合理利用与活化展示，是区域性文化遗产保护的核心力量。,文物局标准描述：职能+区域+文保职责
许昌市文物局,政府机构,国内-河南,未找到独立文物局网站,10,许昌市文物局是河南文物保护和管理的专门机构，负责本地区不可移动文物普查登记、文物保护单位监督管理、考古发掘项目管理、可移动文物收藏保护及博物馆事业指导等工作。依法查处文物违法行为，组织实施文物安全防范工程，推动文物合理利用与活化展示，是区域性文化遗产保护的核心力量。,文物局标准描述：职能+区域+文保职责
漯河市文物局,政府机构,国内-河南,未找到独立文物局网站,10,漯河市文物局是河南文物保护和管理的专门机构，负责本地区不可移动文物普查登记、文物保护单位监督管理、考古发掘项目管理、可移动文物收藏保护及博物馆事业指导等工作。依法查处文物违法行为，组织实施文物安全防范工程，推动文物合理利用与活化展示，是区域性文化遗产保护的核心力量。,文物局标准描述：职能+区域+文保职责
三门峡市文物局,政府机构,国内-河南,未找到独立文物局网站,10,三门峡市文物局是河南文物保护和管理的专门机构，负责本地区不可移动文物普查登记、文物保护单位监督管理、考古发掘项目管理、可移动文物收藏保护及博物馆事业指导等工作。依法查处文物违法行为，组织实施文物安全防范工程，推动文物合理利用与活化展示，是区域性文化遗产保护的核心力量。,文物局标准描述：职能+区域+文保职责
南阳市文物局,政府机构,国内-河南,未找到独立文物局网站,10,南阳市文物局是河南文物保护和管理的专门机构，负责本地区不可移动文物普查登记、文物保护单位监督管理、考古发掘项目管理、可移动文物收藏保护及博物馆事业指导等工作。依法查处文物违法行为，组织实施文物安全防范工程，推动文物合理利用与活化展示，是区域性文化遗产保护的核心力量。,文物局标准描述：职能+区域+文保职责
商丘市文物局,政府机构,国内-河南,未找到独立文物局网站,10,商丘市文物局是河南文物保护和管理的专门机构，负责本地区不可移动文物普查登记、文物保护单位监督管理、考古发掘项目管理、可移动文物收藏保护及博物馆事业指导等工作。依法查处文物违法行为，组织实施文物安全防范工程，推动文物合理利用与活化展示，是区域性文化遗产保护的核心力量。,文物局标准描述：职能+区域+文保职责
信阳市文物局,政府机构,国内-河南,未找到独立文物局网站,10,信阳市文物局是河南文物保护和管理的专门机构，负责本地区不可移动文物普查登记、文物保护单位监督管理、考古发掘项目管理、可移动文物收藏保护及博物馆事业指导等工作。依法查处文物违法行为，组织实施文物安全防范工程，推动文物合理利用与活化展示，是区域性文化遗产保护的核心力量。,文物局标准描述：职能+区域+文保职责
周口市文物局,政府机构,国内-河南,未找到独立文物局网站,10,周口市文物局是河南文物保护和管理的专门机构，负责本地区不可移动文物普查登记、文物保护单位监督管理、考古发掘项目管理、可移动文物收藏保护及博物馆事业指导等工作。依法查处文物违法行为，组织实施文物安全防范工程，推动文物合理利用与活化展示，是区域性文化遗产保护的核心力量。,文物局标准描述：职能+区域+文保职责
驻马店市文物局,政府机构,国内-河南,未找到独立文物局网站,10,驻马店市文物局是河南文物保护和管理的专门机构，负责本地区不可移动文物普查登记、文物保护单位监督管理、考古发掘项目管理、可移动文物收藏保护及博物馆事业指导等工作。依法查处文物违法行为，组织实施文物安全防范工程，推动文物合理利用与活化展示，是区域性文化遗产保护的核心力量。,文物局标准描述：职能+区域+文保职责
济源市文物局,政府机构,国内-河南,未找到独立文物局网站,10,济源市文物局是河南文物保护和管理的专门机构，负责本地区不可移动文物普查登记、文物保护单位监督管理、考古发掘项目管理、可移动文物收藏保护及博物馆事业指导等工作。依法查处文物违法行为，组织实施文物安全防范工程，推动文物合理利用与活化展示，是区域性文化遗产保护的核心力量。,文物局标准描述：职能+区域+文保职责
贵阳市文物局,政府机构,国内-贵州,未找到独立文物局网站,10,贵阳市文物局是贵州文物保护和管理的专门机构，负责本地区不可移动文物普查登记、文物保护单位监督管理、考古发掘项目管理、可移动文物收藏保护及博物馆事业指导等工作。依法查处文物违法行为，组织实施文物安全防范工程，推动文物合理利用与活化展示，是区域性文化遗产保护的核心力量。,文物局标准描述：职能+区域+文保职责
六盘水市文物局,政府机构,国内-贵州,未找到独立文物局网站,10,六盘水市文物局是贵州文物保护和管理的专门机构，负责本地区不可移动文物普查登记、文物保护单位监督管理、考古发掘项目管理、可移动文物收藏保护及博物馆事业指导等工作。依法查处文物违法行为，组织实施文物安全防范工程，推动文物合理利用与活化展示，是区域性文化遗产保护的核心力量。,文物局标准描述：职能+区域+文保职责
遵义市文物局,政府机构,国内-贵州,未找到独立文物局网站,10,遵义市文物局是贵州文物保护和管理的专门机构，负责本地区不可移动文物普查登记、文物保护单位监督管理、考古发掘项目管理、可移动文物收藏保护及博物馆事业指导等工作。依法查处文物违法行为，组织实施文物安全防范工程，推动文物合理利用与活化展示，是区域性文化遗产保护的核心力量。,文物局标准描述：职能+区域+文保职责
安顺市文物局,政府机构,国内-贵州,未找到独立文物局网站,10,安顺市文物局是贵州文物保护和管理的专门机构，负责本地区不可移动文物普查登记、文物保护单位监督管理、考古发掘项目管理、可移动文物收藏保护及博物馆事业指导等工作。依法查处文物违法行为，组织实施文物安全防范工程，推动文物合理利用与活化展示，是区域性文化遗产保护的核心力量。,文物局标准描述：职能+区域+文保职责
毕节市文物局,政府机构,国内-贵州,未找到独立文物局网站,10,毕节市文物局是贵州文物保护和管理的专门机构，负责本地区不可移动文物普查登记、文物保护单位监督管理、考古发掘项目管理、可移动文物收藏保护及博物馆事业指导等工作。依法查处文物违法行为，组织实施文物安全防范工程，推动文物合理利用与活化展示，是区域性文化遗产保护的核心力量。,文物局标准描述：职能+区域+文保职责
铜仁市文物局,政府机构,国内-贵州,未找到独立文物局网站,10,铜仁市文物局是贵州文物保护和管理的专门机构，负责本地区不可移动文物普查登记、文物保护单位监督管理、考古发掘项目管理、可移动文物收藏保护及博物馆事业指导等工作。依法查处文物违法行为，组织实施文物安全防范工程，推动文物合理利用与活化展示，是区域性文化遗产保护的核心力量。,文物局标准描述：职能+区域+文保职责
黔西南州文物局,政府机构,国内-贵州,未找到独立文物局网站,10,黔西南州文物局是贵州文物保护和管理的专门机构，负责本地区不可移动文物普查登记、文物保护单位监督管理、考古发掘项目管理、可移动文物收藏保护及博物馆事业指导等工作。依法查处文物违法行为，组织实施文物安全防范工程，推动文物合理利用与活化展示，是区域性文化遗产保护的核心力量。,文物局标准描述：职能+区域+文保职责
黔东南州文物局,政府机构,国内-贵州,未找到独立文物局网站,10,黔东南州文物局是贵州文物保护和管理的专门机构，负责本地区不可移动文物普查登记、文物保护单位监督管理、考古发掘项目管理、可移动文物收藏保护及博物馆事业指导等工作。依法查处文物违法行为，组织实施文物安全防范工程，推动文物合理利用与活化展示，是区域性文化遗产保护的核心力量。,文物局标准描述：职能+区域+文保职责
黔南州文物局,政府机构,国内-贵州,未找到独立文物局网站,10,黔南州文物局是贵州文物保护和管理的专门机构，负责本地区不可移动文物普查登记、文物保护单位监督管理、考古发掘项目管理、可移动文物收藏保护及博物馆事业指导等工作。依法查处文物违法行为，组织实施文物安全防范工程，推动文物合理利用与活化展示，是区域性文化遗产保护的核心力量。,文物局标准描述：职能+区域+文保职责
昆明市文物局,政府机构,国内-云南,未找到独立文物局网站,10,昆明市文物局是云南文物保护和管理的专门机构，负责本地区不可移动文物普查登记、文物保护单位监督管理、考古发掘项目管理、可移动文物收藏保护及博物馆事业指导等工作。依法查处文物违法行为，组织实施文物安全防范工程，推动文物合理利用与活化展示，是区域性文化遗产保护的核心力量。,文物局标准描述：职能+区域+文保职责
曲靖市文物局,政府机构,国内-云南,未找到独立文物局网站,10,曲靖市文物局是云南文物保护和管理的专门机构，负责本地区不可移动文物普查登记、文物保护单位监督管理、考古发掘项目管理、可移动文物收藏保护及博物馆事业指导等工作。依法查处文物违法行为，组织实施文物安全防范工程，推动文物合理利用与活化展示，是区域性文化遗产保护的核心力量。,文物局标准描述：职能+区域+文保职责
玉溪市文物局,政府机构,国内-云南,未找到独立文物局网站,10,玉溪市文物局是云南文物保护和管理的专门机构，负责本地区不可移动文物普查登记、文物保护单位监督管理、考古发掘项目管理、可移动文物收藏保护及博物馆事业指导等工作。依法查处文物违法行为，组织实施文物安全防范工程，推动文物合理利用与活化展示，是区域性文化遗产保护的核心力量。,文物局标准描述：职能+区域+文保职责
保山市文物局,政府机构,国内-云南,未找到独立文物局网站,10,保山市文物局是云南文物保护和管理的专门机构，负责本地区不可移动文物普查登记、文物保护单位监督管理、考古发掘项目管理、可移动文物收藏保护及博物馆事业指导等工作。依法查处文物违法行为，组织实施文物安全防范工程，推动文物合理利用与活化展示，是区域性文化遗产保护的核心力量。,文物局标准描述：职能+区域+文保职责
昭通市文物局,政府机构,国内-云南,未找到独立文物局网站,10,昭通市文物局是云南文物保护和管理的专门机构，负责本地区不可移动文物普查登记、文物保护单位监督管理、考古发掘项目管理、可移动文物收藏保护及博物馆事业指导等工作。依法查处文物违法行为，组织实施文物安全防范工程，推动文物合理利用与活化展示，是区域性文化遗产保护的核心力量。,文物局标准描述：职能+区域+文保职责
丽江市文物局,政府机构,国内-云南,未找到独立文物局网站,10,丽江市文物局是云南文物保护和管理的专门机构，负责本地区不可移动文物普查登记、文物保护单位监督管理、考古发掘项目管理、可移动文物收藏保护及博物馆事业指导等工作。依法查处文物违法行为，组织实施文物安全防范工程，推动文物合理利用与活化展示，是区域性文化遗产保护的核心力量。,文物局标准描述：职能+区域+文保职责
普洱市文物局,政府机构,国内-云南,未找到独立文物局网站,10,普洱市文物局是云南文物保护和管理的专门机构，负责本地区不可移动文物普查登记、文物保护单位监督管理、考古发掘项目管理、可移动文物收藏保护及博物馆事业指导等工作。依法查处文物违法行为，组织实施文物安全防范工程，推动文物合理利用与活化展示，是区域性文化遗产保护的核心力量。,文物局标准描述：职能+区域+文保职责
临沧市文物局,政府机构,国内-云南,未找到独立文物局网站,10,临沧市文物局是云南文物保护和管理的专门机构，负责本地区不可移动文物普查登记、文物保护单位监督管理、考古发掘项目管理、可移动文物收藏保护及博物馆事业指导等工作。依法查处文物违法行为，组织实施文物安全防范工程，推动文物合理利用与活化展示，是区域性文化遗产保护的核心力量。,文物局标准描述：职能+区域+文保职责
楚雄州文物局,政府机构,国内-云南,未找到独立文物局网站,10,楚雄州文物局是云南文物保护和管理的专门机构，负责本地区不可移动文物普查登记、文物保护单位监督管理、考古发掘项目管理、可移动文物收藏保护及博物馆事业指导等工作。依法查处文物违法行为，组织实施文物安全防范工程，推动文物合理利用与活化展示，是区域性文化遗产保护的核心力量。,文物局标准描述：职能+区域+文保职责
红河州文物局,政府机构,国内-云南,未找到独立文物局网站,10,红河州文物局是云南文物保护和管理的专门机构，负责本地区不可移动文物普查登记、文物保护单位监督管理、考古发掘项目管理、可移动文物收藏保护及博物馆事业指导等工作。依法查处文物违法行为，组织实施文物安全防范工程，推动文物合理利用与活化展示，是区域性文化遗产保护的核心力量。,文物局标准描述：职能+区域+文保职责
文山州文物局,政府机构,国内-云南,未找到独立文物局网站,10,文山州文物局是云南文物保护和管理的专门机构，负责本地区不可移动文物普查登记、文物保护单位监督管理、考古发掘项目管理、可移动文物收藏保护及博物馆事业指导等工作。依法查处文物违法行为，组织实施文物安全防范工程，推动文物合理利用与活化展示，是区域性文化遗产保护的核心力量。,文物局标准描述：职能+区域+文保职责
西双版纳州文物局,政府机构,国内-云南,未找到独立文物局网站,10,西双版纳州文物局是云南文物保护和管理的专门机构，负责本地区不可移动文物普查登记、文物保护单位监督管理、考古发掘项目管理、可移动文物收藏保护及博物馆事业指导等工作。依法查处文物违法行为，组织实施文物安全防范工程，推动文物合理利用与活化展示，是区域性文化遗产保护的核心力量。,文物局标准描述：职能+区域+文保职责
大理州文物局,政府机构,国内-云南,未找到独立文物局网站,10,大理州文物局是云南文物保护和管理的专门机构，负责本地区不可移动文物普查登记、文物保护单位监督管理、考古发掘项目管理、可移动文物收藏保护及博物馆事业指导等工作。依法查处文物违法行为，组织实施文物安全防范工程，推动文物合理利用与活化展示，是区域性文化遗产保护的核心力量。,文物局标准描述：职能+区域+文保职责
德宏州文物局,政府机构,国内-云南,未找到独立文物局网站,10,德宏州文物局是云南文物保护和管理的专门机构，负责本地区不可移动文物普查登记、文物保护单位监督管理、考古发掘项目管理、可移动文物收藏保护及博物馆事业指导等工作。依法查处文物违法行为，组织实施文物安全防范工程，推动文物合理利用与活化展示，是区域性文化遗产保护的核心力量。,文物局标准描述：职能+区域+文保职责
怒江州文物局,政府机构,国内-云南,未找到独立文物局网站,10,怒江州文物局是云南文物保护和管理的专门机构，负责本地区不可移动文物普查登记、文物保护单位监督管理、考古发掘项目管理、可移动文物收藏保护及博物馆事业指导等工作。依法查处文物违法行为，组织实施文物安全防范工程，推动文物合理利用与活化展示，是区域性文化遗产保护的核心力量。,文物局标准描述：职能+区域+文保职责
迪庆州文物局,政府机构,国内-云南,未找到独立文物局网站,10,迪庆州文物局是云南文物保护和管理的专门机构，负责本地区不可移动文物普查登记、文物保护单位监督管理、考古发掘项目管理、可移动文物收藏保护及博物馆事业指导等工作。依法查处文物违法行为，组织实施文物安全防范工程，推动文物合理利用与活化展示，是区域性文化遗产保护的核心力量。,文物局标准描述：职能+区域+文保职责
陕西省文物局,政府机构,国内-陕西,陕西省文物局官方网站,10,陕西省文物局是陕西文物保护和管理的专门机构，负责本地区不可移动文物普查登记、文物保护单位监督管理、考古发掘项目管理、可移动文物收藏保护及博物馆事业指导等工作。依法查处文物违法行为，组织实施文物安全防范工程，推动文物合理利用与活化展示，是区域性文化遗产保护的核心力量。,文物局标准描述：职能+区域+文保职责
宝鸡市文物局,政府机构,国内-陕西,未找到独立文物局网站,10,宝鸡市文物局是陕西文物保护和管理的专门机构，负责本地区不可移动文物普查登记、文物保护单位监督管理、考古发掘项目管理、可移动文物收藏保护及博物馆事业指导等工作。依法查处文物违法行为，组织实施文物安全防范工程，推动文物合理利用与活化展示，是区域性文化遗产保护的核心力量。,文物局标准描述：职能+区域+文保职责
咸阳是文物局,政府机构,国内-陕西,未找到独立文物局网站,10,咸阳是文物局是陕西文物保护和管理的专门机构，负责本地区不可移动文物普查登记、文物保护单位监督管理、考古发掘项目管理、可移动文物收藏保护及博物馆事业指导等工作。依法查处文物违法行为，组织实施文物安全防范工程，推动文物合理利用与活化展示，是区域性文化遗产保护的核心力量。,文物局标准描述：职能+区域+文保职责
铜川市文物局,政府机构,国内-陕西,未找到独立文物局网站,10,铜川市文物局是陕西文物保护和管理的专门机构，负责本地区不可移动文物普查登记、文物保护单位监督管理、考古发掘项目管理、可移动文物收藏保护及博物馆事业指导等工作。依法查处文物违法行为，组织实施文物安全防范工程，推动文物合理利用与活化展示，是区域性文化遗产保护的核心力量。,文物局标准描述：职能+区域+文保职责
渭南市文物局,政府机构,国内-陕西,未找到独立文物局网站,10,渭南市文物局是陕西文物保护和管理的专门机构，负责本地区不可移动文物普查登记、文物保护单位监督管理、考古发掘项目管理、可移动文物收藏保护及博物馆事业指导等工作。依法查处文物违法行为，组织实施文物安全防范工程，推动文物合理利用与活化展示，是区域性文化遗产保护的核心力量。,文物局标准描述：职能+区域+文保职责
延安市文物局,政府机构,国内-陕西,未找到独立文物局网站,10,延安市文物局是陕西文物保护和管理的专门机构，负责本地区不可移动文物普查登记、文物保护单位监督管理、考古发掘项目管理、可移动文物收藏保护及博物馆事业指导等工作。依法查处文物违法行为，组织实施文物安全防范工程，推动文物合理利用与活化展示，是区域性文化遗产保护的核心力量。,文物局标准描述：职能+区域+文保职责
榆林市文物局,政府机构,国内-陕西,未找到独立文物局网站,10,榆林市文物局是陕西文物保护和管理的专门机构，负责本地区不可移动文物普查登记、文物保护单位监督管理、考古发掘项目管理、可移动文物收藏保护及博物馆事业指导等工作。依法查处文物违法行为，组织实施文物安全防范工程，推动文物合理利用与活化展示，是区域性文化遗产保护的核心力量。,文物局标准描述：职能+区域+文保职责
汉中市文物局,政府机构,国内-陕西,未找到独立文物局网站,10,汉中市文物局是陕西文物保护和管理的专门机构，负责本地区不可移动文物普查登记、文物保护单位监督管理、考古发掘项目管理、可移动文物收藏保护及博物馆事业指导等工作。依法查处文物违法行为，组织实施文物安全防范工程，推动文物合理利用与活化展示，是区域性文化遗产保护的核心力量。,文物局标准描述：职能+区域+文保职责
安康市文物局,政府机构,国内-陕西,未找到独立文物局网站,10,安康市文物局是陕西文物保护和管理的专门机构，负责本地区不可移动文物普查登记、文物保护单位监督管理、考古发掘项目管理、可移动文物收藏保护及博物馆事业指导等工作。依法查处文物违法行为，组织实施文物安全防范工程，推动文物合理利用与活化展示，是区域性文化遗产保护的核心力量。,文物局标准描述：职能+区域+文保职责
商洛市文物局,政府机构,国内-陕西,未找到独立文物局网站,10,商洛市文物局是陕西文物保护和管理的专门机构，负责本地区不可移动文物普查登记、文物保护单位监督管理、考古发掘项目管理、可移动文物收藏保护及博物馆事业指导等工作。依法查处文物违法行为，组织实施文物安全防范工程，推动文物合理利用与活化展示，是区域性文化遗产保护的核心力量。,文物局标准描述：职能+区域+文保职责
甘肃省文物局,政府机构,国内-甘肃,甘肃省文物局官方网站,10,甘肃省文物局是甘肃文物保护和管理的专门机构，负责本地区不可移动文物普查登记、文物保护单位监督管理、考古发掘项目管理、可移动文物收藏保护及博物馆事业指导等工作。依法查处文物违法行为，组织实施文物安全防范工程，推动文物合理利用与活化展示，是区域性文化遗产保护的核心力量。,文物局标准描述：职能+区域+文保职责
兰州市文物局,政府机构,国内-甘肃,未找到独立文物局网站,10,兰州市文物局是甘肃文物保护和管理的专门机构，负责本地区不可移动文物普查登记、文物保护单位监督管理、考古发掘项目管理、可移动文物收藏保护及博物馆事业指导等工作。依法查处文物违法行为，组织实施文物安全防范工程，推动文物合理利用与活化展示，是区域性文化遗产保护的核心力量。,文物局标准描述：职能+区域+文保职责
嘉峪关市文物局,政府机构,国内-甘肃,未找到独立文物局网站,10,嘉峪关市文物局是甘肃文物保护和管理的专门机构，负责本地区不可移动文物普查登记、文物保护单位监督管理、考古发掘项目管理、可移动文物收藏保护及博物馆事业指导等工作。依法查处文物违法行为，组织实施文物安全防范工程，推动文物合理利用与活化展示，是区域性文化遗产保护的核心力量。,文物局标准描述：职能+区域+文保职责
金昌市文物局,政府机构,国内-甘肃,未找到独立文物局网站,10,金昌市文物局是甘肃文物保护和管理的专门机构，负责本地区不可移动文物普查登记、文物保护单位监督管理、考古发掘项目管理、可移动文物收藏保护及博物馆事业指导等工作。依法查处文物违法行为，组织实施文物安全防范工程，推动文物合理利用与活化展示，是区域性文化遗产保护的核心力量。,文物局标准描述：职能+区域+文保职责
白银市文物局,政府机构,国内-甘肃,未找到独立文物局网站,10,白银市文物局是甘肃文物保护和管理的专门机构，负责本地区不可移动文物普查登记、文物保护单位监督管理、考古发掘项目管理、可移动文物收藏保护及博物馆事业指导等工作。依法查处文物违法行为，组织实施文物安全防范工程，推动文物合理利用与活化展示，是区域性文化遗产保护的核心力量。,文物局标准描述：职能+区域+文保职责
天水市文物局,政府机构,国内-甘肃,未找到独立文物局网站,10,天水市文物局是甘肃文物保护和管理的专门机构，负责本地区不可移动文物普查登记、文物保护单位监督管理、考古发掘项目管理、可移动文物收藏保护及博物馆事业指导等工作。依法查处文物违法行为，组织实施文物安全防范工程，推动文物合理利用与活化展示，是区域性文化遗产保护的核心力量。,文物局标准描述：职能+区域+文保职责
武威市文物局,政府机构,国内-甘肃,未找到独立文物局网站,10,武威市文物局是甘肃文物保护和管理的专门机构，负责本地区不可移动文物普查登记、文物保护单位监督管理、考古发掘项目管理、可移动文物收藏保护及博物馆事业指导等工作。依法查处文物违法行为，组织实施文物安全防范工程，推动文物合理利用与活化展示，是区域性文化遗产保护的核心力量。,文物局标准描述：职能+区域+文保职责
张掖市文物局,政府机构,国内-甘肃,未找到独立文物局网站,10,张掖市文物局是甘肃文物保护和管理的专门机构，负责本地区不可移动文物普查登记、文物保护单位监督管理、考古发掘项目管理、可移动文物收藏保护及博物馆事业指导等工作。依法查处文物违法行为，组织实施文物安全防范工程，推动文物合理利用与活化展示，是区域性文化遗产保护的核心力量。,文物局标准描述：职能+区域+文保职责
平凉市文物局,政府机构,国内-甘肃,未找到独立文物局网站,10,平凉市文物局是甘肃文物保护和管理的专门机构，负责本地区不可移动文物普查登记、文物保护单位监督管理、考古发掘项目管理、可移动文物收藏保护及博物馆事业指导等工作。依法查处文物违法行为，组织实施文物安全防范工程，推动文物合理利用与活化展示，是区域性文化遗产保护的核心力量。,文物局标准描述：职能+区域+文保职责
酒泉市文物局,政府机构,国内-甘肃,未找到独立文物局网站,10,酒泉市文物局是甘肃文物保护和管理的专门机构，负责本地区不可移动文物普查登记、文物保护单位监督管理、考古发掘项目管理、可移动文物收藏保护及博物馆事业指导等工作。依法查处文物违法行为，组织实施文物安全防范工程，推动文物合理利用与活化展示，是区域性文化遗产保护的核心力量。,文物局标准描述：职能+区域+文保职责
庆阳市文物局,政府机构,国内-甘肃,未找到独立文物局网站,10,庆阳市文物局是甘肃文物保护和管理的专门机构，负责本地区不可移动文物普查登记、文物保护单位监督管理、考古发掘项目管理、可移动文物收藏保护及博物馆事业指导等工作。依法查处文物违法行为，组织实施文物安全防范工程，推动文物合理利用与活化展示，是区域性文化遗产保护的核心力量。,文物局标准描述：职能+区域+文保职责
定西市文物局,政府机构,国内-甘肃,未找到独立文物局网站,10,定西市文物局是甘肃文物保护和管理的专门机构，负责本地区不可移动文物普查登记、文物保护单位监督管理、考古发掘项目管理、可移动文物收藏保护及博物馆事业指导等工作。依法查处文物违法行为，组织实施文物安全防范工程，推动文物合理利用与活化展示，是区域性文化遗产保护的核心力量。,文物局标准描述：职能+区域+文保职责
陇南市文物局,政府机构,国内-甘肃,未找到独立文物局网站,10,陇南市文物局是甘肃文物保护和管理的专门机构，负责本地区不可移动文物普查登记、文物保护单位监督管理、考古发掘项目管理、可移动文物收藏保护及博物馆事业指导等工作。依法查处文物违法行为，组织实施文物安全防范工程，推动文物合理利用与活化展示，是区域性文化遗产保护的核心力量。,文物局标准描述：职能+区域+文保职责
临夏州文物局,政府机构,国内-甘肃,未找到独立文物局网站,10,临夏州文物局是甘肃文物保护和管理的专门机构，负责本地区不可移动文物普查登记、文物保护单位监督管理、考古发掘项目管理、可移动文物收藏保护及博物馆事业指导等工作。依法查处文物违法行为，组织实施文物安全防范工程，推动文物合理利用与活化展示，是区域性文化遗产保护的核心力量。,文物局标准描述：职能+区域+文保职责
甘南州文物局,政府机构,国内-甘肃,未找到独立文物局网站,10,甘南州文物局是甘肃文物保护和管理的专门机构，负责本地区不可移动文物普查登记、文物保护单位监督管理、考古发掘项目管理、可移动文物收藏保护及博物馆事业指导等工作。依法查处文物违法行为，组织实施文物安全防范工程，推动文物合理利用与活化展示，是区域性文化遗产保护的核心力量。,文物局标准描述：职能+区域+文保职责
西宁市文物局,政府机构,国内-青海,未找到独立文物局网站,10,西宁市文物局是青海文物保护和管理的专门机构，负责本地区不可移动文物普查登记、文物保护单位监督管理、考古发掘项目管理、可移动文物收藏保护及博物馆事业指导等工作。依法查处文物违法行为，组织实施文物安全防范工程，推动文物合理利用与活化展示，是区域性文化遗产保护的核心力量。,文物局标准描述：职能+区域+文保职责
海东市文物局,政府机构,国内-青海,未找到独立文物局网站,10,海东市文物局是青海文物保护和管理的专门机构，负责本地区不可移动文物普查登记、文物保护单位监督管理、考古发掘项目管理、可移动文物收藏保护及博物馆事业指导等工作。依法查处文物违法行为，组织实施文物安全防范工程，推动文物合理利用与活化展示，是区域性文化遗产保护的核心力量。,文物局标准描述：职能+区域+文保职责
海北州文物局,政府机构,国内-青海,未找到独立文物局网站,10,海北州文物局是青海文物保护和管理的专门机构，负责本地区不可移动文物普查登记、文物保护单位监督管理、考古发掘项目管理、可移动文物收藏保护及博物馆事业指导等工作。依法查处文物违法行为，组织实施文物安全防范工程，推动文物合理利用与活化展示，是区域性文化遗产保护的核心力量。,文物局标准描述：职能+区域+文保职责
黄南州文物局,政府机构,国内-青海,未找到独立文物局网站,10,黄南州文物局是青海文物保护和管理的专门机构，负责本地区不可移动文物普查登记、文物保护单位监督管理、考古发掘项目管理、可移动文物收藏保护及博物馆事业指导等工作。依法查处文物违法行为，组织实施文物安全防范工程，推动文物合理利用与活化展示，是区域性文化遗产保护的核心力量。,文物局标准描述：职能+区域+文保职责
海南州文物局,政府机构,国内-青海,未找到独立文物局网站,10,海南州文物局是青海文物保护和管理的专门机构，负责本地区不可移动文物普查登记、文物保护单位监督管理、考古发掘项目管理、可移动文物收藏保护及博物馆事业指导等工作。依法查处文物违法行为，组织实施文物安全防范工程，推动文物合理利用与活化展示，是区域性文化遗产保护的核心力量。,文物局标准描述：职能+区域+文保职责
果洛州文物局,政府机构,国内-青海,未找到独立文物局网站,10,果洛州文物局是青海文物保护和管理的专门机构，负责本地区不可移动文物普查登记、文物保护单位监督管理、考古发掘项目管理、可移动文物收藏保护及博物馆事业指导等工作。依法查处文物违法行为，组织实施文物安全防范工程，推动文物合理利用与活化展示，是区域性文化遗产保护的核心力量。,文物局标准描述：职能+区域+文保职责
玉树州文物局,政府机构,国内-青海,未找到独立文物局网站,10,玉树州文物局是青海文物保护和管理的专门机构，负责本地区不可移动文物普查登记、文物保护单位监督管理、考古发掘项目管理、可移动文物收藏保护及博物馆事业指导等工作。依法查处文物违法行为，组织实施文物安全防范工程，推动文物合理利用与活化展示，是区域性文化遗产保护的核心力量。,文物局标准描述：职能+区域+文保职责
海西州文物局,政府机构,国内-青海,未找到独立文物局网站,10,海西州文物局是青海文物保护和管理的专门机构，负责本地区不可移动文物普查登记、文物保护单位监督管理、考古发掘项目管理、可移动文物收藏保护及博物馆事业指导等工作。依法查处文物违法行为，组织实施文物安全防范工程，推动文物合理利用与活化展示，是区域性文化遗产保护的核心力量。,文物局标准描述：职能+区域+文保职责
呼和浩特市文物局,政府机构,国内-内蒙古,未找到独立文物局网站,10,呼和浩特市文物局是内蒙古文物保护和管理的专门机构，负责本地区不可移动文物普查登记、文物保护单位监督管理、考古发掘项目管理、可移动文物收藏保护及博物馆事业指导等工作。依法查处文物违法行为，组织实施文物安全防范工程，推动文物合理利用与活化展示，是区域性文化遗产保护的核心力量。,文物局标准描述：职能+区域+文保职责
包头市文物局,政府机构,国内-内蒙古,未找到独立文物局网站,10,包头市文物局是内蒙古文物保护和管理的专门机构，负责本地区不可移动文物普查登记、文物保护单位监督管理、考古发掘项目管理、可移动文物收藏保护及博物馆事业指导等工作。依法查处文物违法行为，组织实施文物安全防范工程，推动文物合理利用与活化展示，是区域性文化遗产保护的核心力量。,文物局标准描述：职能+区域+文保职责
乌海市文物局,政府机构,国内-内蒙古,未找到独立文物局网站,10,乌海市文物局是内蒙古文物保护和管理的专门机构，负责本地区不可移动文物普查登记、文物保护单位监督管理、考古发掘项目管理、可移动文物收藏保护及博物馆事业指导等工作。依法查处文物违法行为，组织实施文物安全防范工程，推动文物合理利用与活化展示，是区域性文化遗产保护的核心力量。,文物局标准描述：职能+区域+文保职责
赤峰市文物局,政府机构,国内-内蒙古,未找到独立文物局网站,10,赤峰市文物局是内蒙古文物保护和管理的专门机构，负责本地区不可移动文物普查登记、文物保护单位监督管理、考古发掘项目管理、可移动文物收藏保护及博物馆事业指导等工作。依法查处文物违法行为，组织实施文物安全防范工程，推动文物合理利用与活化展示，是区域性文化遗产保护的核心力量。,文物局标准描述：职能+区域+文保职责
通辽市文物局,政府机构,国内-内蒙古,未找到独立文物局网站,10,通辽市文物局是内蒙古文物保护和管理的专门机构，负责本地区不可移动文物普查登记、文物保护单位监督管理、考古发掘项目管理、可移动文物收藏保护及博物馆事业指导等工作。依法查处文物违法行为，组织实施文物安全防范工程，推动文物合理利用与活化展示，是区域性文化遗产保护的核心力量。,文物局标准描述：职能+区域+文保职责
鄂尔多斯市文物局,政府机构,国内-内蒙古,未找到独立文物局网站,10,鄂尔多斯市文物局是内蒙古文物保护和管理的专门机构，负责本地区不可移动文物普查登记、文物保护单位监督管理、考古发掘项目管理、可移动文物收藏保护及博物馆事业指导等工作。依法查处文物违法行为，组织实施文物安全防范工程，推动文物合理利用与活化展示，是区域性文化遗产保护的核心力量。,文物局标准描述：职能+区域+文保职责
呼伦贝尔市文物局,政府机构,国内-内蒙古,未找到独立文物局网站,10,呼伦贝尔市文物局是内蒙古文物保护和管理的专门机构，负责本地区不可移动文物普查登记、文物保护单位监督管理、考古发掘项目管理、可移动文物收藏保护及博物馆事业指导等工作。依法查处文物违法行为，组织实施文物安全防范工程，推动文物合理利用与活化展示，是区域性文化遗产保护的核心力量。,文物局标准描述：职能+区域+文保职责
巴彦淖尔市文物局,政府机构,国内-内蒙古,未找到独立文物局网站,10,巴彦淖尔市文物局是内蒙古文物保护和管理的专门机构，负责本地区不可移动文物普查登记、文物保护单位监督管理、考古发掘项目管理、可移动文物收藏保护及博物馆事业指导等工作。依法查处文物违法行为，组织实施文物安全防范工程，推动文物合理利用与活化展示，是区域性文化遗产保护的核心力量。,文物局标准描述：职能+区域+文保职责
乌兰察布市文物局,政府机构,国内-内蒙古,未找到独立文物局网站,10,乌兰察布市文物局是内蒙古文物保护和管理的专门机构，负责本地区不可移动文物普查登记、文物保护单位监督管理、考古发掘项目管理、可移动文物收藏保护及博物馆事业指导等工作。依法查处文物违法行为，组织实施文物安全防范工程，推动文物合理利用与活化展示，是区域性文化遗产保护的核心力量。,文物局标准描述：职能+区域+文保职责
兴安盟文物局,政府机构,国内-内蒙古,未找到独立文物局网站,10,兴安盟文物局是内蒙古文物保护和管理的专门机构，负责本地区不可移动文物普查登记、文物保护单位监督管理、考古发掘项目管理、可移动文物收藏保护及博物馆事业指导等工作。依法查处文物违法行为，组织实施文物安全防范工程，推动文物合理利用与活化展示，是区域性文化遗产保护的核心力量。,文物局标准描述：职能+区域+文保职责
锡林郭勒盟文物局,政府机构,国内-内蒙古,未找到独立文物局网站,10,锡林郭勒盟文物局是内蒙古文物保护和管理的专门机构，负责本地区不可移动文物普查登记、文物保护单位监督管理、考古发掘项目管理、可移动文物收藏保护及博物馆事业指导等工作。依法查处文物违法行为，组织实施文物安全防范工程，推动文物合理利用与活化展示，是区域性文化遗产保护的核心力量。,文物局标准描述：职能+区域+文保职责
阿拉善盟文物局,政府机构,国内-内蒙古,未找到独立文物局网站,10,阿拉善盟文物局是内蒙古文物保护和管理的专门机构，负责本地区不可移动文物普查登记、文物保护单位监督管理、考古发掘项目管理、可移动文物收藏保护及博物馆事业指导等工作。依法查处文物违法行为，组织实施文物安全防范工程，推动文物合理利用与活化展示，是区域性文化遗产保护的核心力量。,文物局标准描述：职能+区域+文保职责
南宁市文物局,政府机构,国内-广西,未找到独立文物局网站,10,南宁市文物局是广西文物保护和管理的专门机构，负责本地区不可移动文物普查登记、文物保护单位监督管理、考古发掘项目管理、可移动文物收藏保护及博物馆事业指导等工作。依法查处文物违法行为，组织实施文物安全防范工程，推动文物合理利用与活化展示，是区域性文化遗产保护的核心力量。,文物局标准描述：职能+区域+文保职责
柳州市文物局,政府机构,国内-广西,未找到独立文物局网站,10,柳州市文物局是广西文物保护和管理的专门机构，负责本地区不可移动文物普查登记、文物保护单位监督管理、考古发掘项目管理、可移动文物收藏保护及博物馆事业指导等工作。依法查处文物违法行为，组织实施文物安全防范工程，推动文物合理利用与活化展示，是区域性文化遗产保护的核心力量。,文物局标准描述：职能+区域+文保职责
桂林市文物局,政府机构,国内-广西,未找到独立文物局网站,10,桂林市文物局是广西文物保护和管理的专门机构，负责本地区不可移动文物普查登记、文物保护单位监督管理、考古发掘项目管理、可移动文物收藏保护及博物馆事业指导等工作。依法查处文物违法行为，组织实施文物安全防范工程，推动文物合理利用与活化展示，是区域性文化遗产保护的核心力量。,文物局标准描述：职能+区域+文保职责
梧州市文物局,政府机构,国内-广西,未找到独立文物局网站,10,梧州市文物局是广西文物保护和管理的专门机构，负责本地区不可移动文物普查登记、文物保护单位监督管理、考古发掘项目管理、可移动文物收藏保护及博物馆事业指导等工作。依法查处文物违法行为，组织实施文物安全防范工程，推动文物合理利用与活化展示，是区域性文化遗产保护的核心力量。,文物局标准描述：职能+区域+文保职责
北海市文物局,政府机构,国内-广西,未找到独立文物局网站,10,北海市文物局是广西文物保护和管理的专门机构，负责本地区不可移动文物普查登记、文物保护单位监督管理、考古发掘项目管理、可移动文物收藏保护及博物馆事业指导等工作。依法查处文物违法行为，组织实施文物安全防范工程，推动文物合理利用与活化展示，是区域性文化遗产保护的核心力量。,文物局标准描述：职能+区域+文保职责
防城港市文物局,政府机构,国内-广西,未找到独立文物局网站,10,防城港市文物局是广西文物保护和管理的专门机构，负责本地区不可移动文物普查登记、文物保护单位监督管理、考古发掘项目管理、可移动文物收藏保护及博物馆事业指导等工作。依法查处文物违法行为，组织实施文物安全防范工程，推动文物合理利用与活化展示，是区域性文化遗产保护的核心力量。,文物局标准描述：职能+区域+文保职责
钦州市文物局,政府机构,国内-广西,未找到独立文物局网站,10,钦州市文物局是广西文物保护和管理的专门机构，负责本地区不可移动文物普查登记、文物保护单位监督管理、考古发掘项目管理、可移动文物收藏保护及博物馆事业指导等工作。依法查处文物违法行为，组织实施文物安全防范工程，推动文物合理利用与活化展示，是区域性文化遗产保护的核心力量。,文物局标准描述：职能+区域+文保职责
贵港市文物局,政府机构,国内-广西,未找到独立文物局网站,10,贵港市文物局是广西文物保护和管理的专门机构，负责本地区不可移动文物普查登记、文物保护单位监督管理、考古发掘项目管理、可移动文物收藏保护及博物馆事业指导等工作。依法查处文物违法行为，组织实施文物安全防范工程，推动文物合理利用与活化展示，是区域性文化遗产保护的核心力量。,文物局标准描述：职能+区域+文保职责
玉林市文物局,政府机构,国内-广西,未找到独立文物局网站,10,玉林市文物局是广西文物保护和管理的专门机构，负责本地区不可移动文物普查登记、文物保护单位监督管理、考古发掘项目管理、可移动文物收藏保护及博物馆事业指导等工作。依法查处文物违法行为，组织实施文物安全防范工程，推动文物合理利用与活化展示，是区域性文化遗产保护的核心力量。,文物局标准描述：职能+区域+文保职责
百色市文物局,政府机构,国内-广西,未找到独立文物局网站,10,百色市文物局是广西文物保护和管理的专门机构，负责本地区不可移动文物普查登记、文物保护单位监督管理、考古发掘项目管理、可移动文物收藏保护及博物馆事业指导等工作。依法查处文物违法行为，组织实施文物安全防范工程，推动文物合理利用与活化展示，是区域性文化遗产保护的核心力量。,文物局标准描述：职能+区域+文保职责
贺州市文物局,政府机构,国内-广西,未找到独立文物局网站,10,贺州市文物局是广西文物保护和管理的专门机构，负责本地区不可移动文物普查登记、文物保护单位监督管理、考古发掘项目管理、可移动文物收藏保护及博物馆事业指导等工作。依法查处文物违法行为，组织实施文物安全防范工程，推动文物合理利用与活化展示，是区域性文化遗产保护的核心力量。,文物局标准描述：职能+区域+文保职责
河池市文物局,政府机构,国内-广西,未找到独立文物局网站,10,河池市文物局是广西文物保护和管理的专门机构，负责本地区不可移动文物普查登记、文物保护单位监督管理、考古发掘项目管理、可移动文物收藏保护及博物馆事业指导等工作。依法查处文物违法行为，组织实施文物安全防范工程，推动文物合理利用与活化展示，是区域性文化遗产保护的核心力量。,文物局标准描述：职能+区域+文保职责
来宾市文物局,政府机构,国内-广西,未找到独立文物局网站,10,来宾市文物局是广西文物保护和管理的专门机构，负责本地区不可移动文物普查登记、文物保护单位监督管理、考古发掘项目管理、可移动文物收藏保护及博物馆事业指导等工作。依法查处文物违法行为，组织实施文物安全防范工程，推动文物合理利用与活化展示，是区域性文化遗产保护的核心力量。,文物局标准描述：职能+区域+文保职责
崇左市文物局,政府机构,国内-广西,未找到独立文物局网站,10,崇左市文物局是广西文物保护和管理的专门机构，负责本地区不可移动文物普查登记、文物保护单位监督管理、考古发掘项目管理、可移动文物收藏保护及博物馆事业指导等工作。依法查处文物违法行为，组织实施文物安全防范工程，推动文物合理利用与活化展示，是区域性文化遗产保护的核心力量。,文物局标准描述：职能+区域+文保职责
银川市文物局,政府机构,国内-宁夏,未找到独立文物局网站,10,银川市文物局是宁夏文物保护和管理的专门机构，负责本地区不可移动文物普查登记、文物保护单位监督管理、考古发掘项目管理、可移动文物收藏保护及博物馆事业指导等工作。依法查处文物违法行为，组织实施文物安全防范工程，推动文物合理利用与活化展示，是区域性文化遗产保护的核心力量。,文物局标准描述：职能+区域+文保职责
石嘴山市文物局,政府机构,国内-宁夏,未找到独立文物局网站,10,石嘴山市文物局是宁夏文物保护和管理的专门机构，负责本地区不可移动文物普查登记、文物保护单位监督管理、考古发掘项目管理、可移动文物收藏保护及博物馆事业指导等工作。依法查处文物违法行为，组织实施文物安全防范工程，推动文物合理利用与活化展示，是区域性文化遗产保护的核心力量。,文物局标准描述：职能+区域+文保职责
吴忠市文物局,政府机构,国内-宁夏,未找到独立文物局网站,10,吴忠市文物局是宁夏文物保护和管理的专门机构，负责本地区不可移动文物普查登记、文物保护单位监督管理、考古发掘项目管理、可移动文物收藏保护及博物馆事业指导等工作。依法查处文物违法行为，组织实施文物安全防范工程，推动文物合理利用与活化展示，是区域性文化遗产保护的核心力量。,文物局标准描述：职能+区域+文保职责
固原市文物局,政府机构,国内-宁夏,未找到独立文物局网站,10,固原市文物局是宁夏文物保护和管理的专门机构，负责本地区不可移动文物普查登记、文物保护单位监督管理、考古发掘项目管理、可移动文物收藏保护及博物馆事业指导等工作。依法查处文物违法行为，组织实施文物安全防范工程，推动文物合理利用与活化展示，是区域性文化遗产保护的核心力量。,文物局标准描述：职能+区域+文保职责
中卫市文物局,政府机构,国内-宁夏,未找到独立文物局网站,10,中卫市文物局是宁夏文物保护和管理的专门机构，负责本地区不可移动文物普查登记、文物保护单位监督管理、考古发掘项目管理、可移动文物收藏保护及博物馆事业指导等工作。依法查处文物违法行为，组织实施文物安全防范工程，推动文物合理利用与活化展示，是区域性文化遗产保护的核心力量。,文物局标准描述：职能+区域+文保职责
乌鲁木齐市文物局,政府机构,国内-新疆,未找到独立文物局网站,10,乌鲁木齐市文物局是新疆文物保护和管理的专门机构，负责本地区不可移动文物普查登记、文物保护单位监督管理、考古发掘项目管理、可移动文物收藏保护及博物馆事业指导等工作。依法查处文物违法行为，组织实施文物安全防范工程，推动文物合理利用与活化展示，是区域性文化遗产保护的核心力量。,文物局标准描述：职能+区域+文保职责
克拉玛依市文物局,政府机构,国内-新疆,未找到独立文物局网站,10,克拉玛依市文物局是新疆文物保护和管理的专门机构，负责本地区不可移动文物普查登记、文物保护单位监督管理、考古发掘项目管理、可移动文物收藏保护及博物馆事业指导等工作。依法查处文物违法行为，组织实施文物安全防范工程，推动文物合理利用与活化展示，是区域性文化遗产保护的核心力量。,文物局标准描述：职能+区域+文保职责
吐鲁番市文物局,政府机构,国内-新疆,未找到独立文物局网站,10,吐鲁番市文物局是新疆文物保护和管理的专门机构，负责本地区不可移动文物普查登记、文物保护单位监督管理、考古发掘项目管理、可移动文物收藏保护及博物馆事业指导等工作。依法查处文物违法行为，组织实施文物安全防范工程，推动文物合理利用与活化展示，是区域性文化遗产保护的核心力量。,文物局标准描述：职能+区域+文保职责
哈密市文物局,政府机构,国内-新疆,未找到独立文物局网站,10,哈密市文物局是新疆文物保护和管理的专门机构，负责本地区不可移动文物普查登记、文物保护单位监督管理、考古发掘项目管理、可移动文物收藏保护及博物馆事业指导等工作。依法查处文物违法行为，组织实施文物安全防范工程，推动文物合理利用与活化展示，是区域性文化遗产保护的核心力量。,文物局标准描述：职能+区域+文保职责
阿克苏地区文物局,政府机构,国内-新疆,未找到独立文物局网站,10,阿克苏地区文物局是新疆文物保护和管理的专门机构，负责本地区不可移动文物普查登记、文物保护单位监督管理、考古发掘项目管理、可移动文物收藏保护及博物馆事业指导等工作。依法查处文物违法行为，组织实施文物安全防范工程，推动文物合理利用与活化展示，是区域性文化遗产保护的核心力量。,文物局标准描述：职能+区域+文保职责
喀什地区文物局,政府机构,国内-新疆,未找到独立文物局网站,10,喀什地区文物局是新疆文物保护和管理的专门机构，负责本地区不可移动文物普查登记、文物保护单位监督管理、考古发掘项目管理、可移动文物收藏保护及博物馆事业指导等工作。依法查处文物违法行为，组织实施文物安全防范工程，推动文物合理利用与活化展示，是区域性文化遗产保护的核心力量。,文物局标准描述：职能+区域+文保职责
和田地区文物局,政府机构,国内-新疆,未找到独立文物局网站,10,和田地区文物局是新疆文物保护和管理的专门机构，负责本地区不可移动文物普查登记、文物保护单位监督管理、考古发掘项目管理、可移动文物收藏保护及博物馆事业指导等工作。依法查处文物违法行为，组织实施文物安全防范工程，推动文物合理利用与活化展示，是区域性文化遗产保护的核心力量。,文物局标准描述：职能+区域+文保职责
伊犁州文物局,政府机构,国内-新疆,未找到独立文物局网站,10,伊犁州文物局是新疆文物保护和管理的专门机构，负责本地区不可移动文物普查登记、文物保护单位监督管理、考古发掘项目管理、可移动文物收藏保护及博物馆事业指导等工作。依法查处文物违法行为，组织实施文物安全防范工程，推动文物合理利用与活化展示，是区域性文化遗产保护的核心力量。,文物局标准描述：职能+区域+文保职责
塔城地区文物局,政府机构,国内-新疆,未找到独立文物局网站,10,塔城地区文物局是新疆文物保护和管理的专门机构，负责本地区不可移动文物普查登记、文物保护单位监督管理、考古发掘项目管理、可移动文物收藏保护及博物馆事业指导等工作。依法查处文物违法行为，组织实施文物安全防范工程，推动文物合理利用与活化展示，是区域性文化遗产保护的核心力量。,文物局标准描述：职能+区域+文保职责
阿勒泰地区文物局,政府机构,国内-新疆,未找到独立文物局网站,10,阿勒泰地区文物局是新疆文物保护和管理的专门机构，负责本地区不可移动文物普查登记、文物保护单位监督管理、考古发掘项目管理、可移动文物收藏保护及博物馆事业指导等工作。依法查处文物违法行为，组织实施文物安全防范工程，推动文物合理利用与活化展示，是区域性文化遗产保护的核心力量。,文物局标准描述：职能+区域+文保职责
拉萨市文物局,政府机构,国内-西藏,未找到独立文物局网站,10,拉萨市文物局是西藏文物保护和管理的专门机构，负责本地区不可移动文物普查登记、文物保护单位监督管理、考古发掘项目管理、可移动文物收藏保护及博物馆事业指导等工作。依法查处文物违法行为，组织实施文物安全防范工程，推动文物合理利用与活化展示，是区域性文化遗产保护的核心力量。,文物局标准描述：职能+区域+文保职责
日喀则市文物局,政府机构,国内-西藏,未找到独立文物局网站,10,日喀则市文物局是西藏文物保护和管理的专门机构，负责本地区不可移动文物普查登记、文物保护单位监督管理、考古发掘项目管理、可移动文物收藏保护及博物馆事业指导等工作。依法查处文物违法行为，组织实施文物安全防范工程，推动文物合理利用与活化展示，是区域性文化遗产保护的核心力量。,文物局标准描述：职能+区域+文保职责
海口市文物局,政府机构,国内-海南,未找到独立文物局网站,10,海口市文物局是海南文物保护和管理的专门机构，负责本地区不可移动文物普查登记、文物保护单位监督管理、考古发掘项目管理、可移动文物收藏保护及博物馆事业指导等工作。依法查处文物违法行为，组织实施文物安全防范工程，推动文物合理利用与活化展示，是区域性文化遗产保护的核心力量。,文物局标准描述：职能+区域+文保职责
三亚市文物局,政府机构,国内-海南,未找到独立文物局网站,10,三亚市文物局是海南文物保护和管理的专门机构，负责本地区不可移动文物普查登记、文物保护单位监督管理、考古发掘项目管理、可移动文物收藏保护及博物馆事业指导等工作。依法查处文物违法行为，组织实施文物安全防范工程，推动文物合理利用与活化展示，是区域性文化遗产保护的核心力量。,文物局标准描述：职能+区域+文保职责
三沙市文物局,政府机构,国内-海南,未找到独立文物局网站,10,三沙市文物局是海南文物保护和管理的专门机构，负责本地区不可移动文物普查登记、文物保护单位监督管理、考古发掘项目管理、可移动文物收藏保护及博物馆事业指导等工作。依法查处文物违法行为，组织实施文物安全防范工程，推动文物合理利用与活化展示，是区域性文化遗产保护的核心力量。,文物局标准描述：职能+区域+文保职责
儋州市文物局,政府机构,国内-海南,未找到独立文物局网站,10,儋州市文物局是海南文物保护和管理的专门机构，负责本地区不可移动文物普查登记、文物保护单位监督管理、考古发掘项目管理、可移动文物收藏保护及博物馆事业指导等工作。依法查处文物违法行为，组织实施文物安全防范工程，推动文物合理利用与活化展示，是区域性文化遗产保护的核心力量。,文物局标准描述：职能+区域+文保职责
天津文化和旅游局,政府机构,国内-天津,天津文化和旅游局（文物局职能）,15,天津文化和旅游局是天津文化和旅游事业的主管部门，负责统筹本地区文化事业、文化产业和旅游业发展，组织实施文化资源普查、挖掘和保护工作，指导和管理公共文化服务体系建设，推进文化旅游融合发展，监督管理文化和旅游市场秩序，承担文物保护和非物质文化遗产传承等职能，在区域文化遗产保护与利用中发挥关键作用。,政府机构标准描述：职能+范围+文化遗产职责
